BADWORDS_20150317_000001	{memo X}	강간				
BADWORDS_20150317_000002	{memo X}	개같은년				
BADWORDS_20150317_000003	{memo X}	개같은놈				
BADWORDS_20150317_000004	{memo X}	개같은뇬				
BADWORDS_20150317_000005	{memo X}	개년				
BADWORDS_20150317_000006	{memo X}	개놈				
BADWORDS_20150317_000007	{memo X}	개뇬				
BADWORDS_20150317_000008	{memo X}	개보지				
BADWORDS_20150317_000009	{memo X}	개새꺄				
BADWORDS_20150317_000010	{memo X}	개새끼				
BADWORDS_20150317_000011	{memo X}	개세끼				
BADWORDS_20150317_000012	{memo X}	개자지				
BADWORDS_20150317_000013	{memo X}	개좆				
BADWORDS_20150317_000014	{memo X}	게새끼				
BADWORDS_20150317_000015	{memo X}	게세끼				
BADWORDS_20150317_000016	{memo X}	공알				
BADWORDS_20150317_000017	{memo X}	귀두				
BADWORDS_20150317_000018	{memo X}	뉘귀미				
BADWORDS_20150317_000019	{memo X}	뉘기미				
BADWORDS_20150317_000020	{memo X}	뉘미				
BADWORDS_20150317_000021	{memo X}	늬귀미				
BADWORDS_20150317_000022	{memo X}	늬미				
BADWORDS_20150317_000023	{memo X}	니귀미				
BADWORDS_20150317_000024	{memo X}	니기미				
BADWORDS_20150317_000025	{memo X}	니믜				
BADWORDS_20150317_000026	{memo X}	니미				
BADWORDS_20150317_000027	{memo X}	니애미				
BADWORDS_20150317_000028	{memo X}	니에미				
BADWORDS_20150317_000029	{memo X}	니주가리				
BADWORDS_20150317_000030	{memo X}	닝기리				
BADWORDS_20150317_000031	{memo X}	닝기미				
BADWORDS_20150317_000032	{memo X}	딸따리				
BADWORDS_20150317_000033	{memo X}	딸딸이				
BADWORDS_20150317_000034	{memo X}	떡치기				
BADWORDS_20150317_000035	{memo X}	래즈비언				
BADWORDS_20150317_000036	{memo X}	번섹				
BADWORDS_20150317_000037	{memo X}	번쌕				
BADWORDS_20150317_000038	{memo X}	번쎅				
BADWORDS_20150317_000039	{memo X}	부랄				
BADWORDS_20150317_000040	{memo X}	불알				
BADWORDS_20150317_000041	{memo X}	빠구리				
BADWORDS_20150317_000042	{memo X}	빠굴				
BADWORDS_20150317_000043	{memo X}	빠굴이				
BADWORDS_20150317_000044	{memo X}	빠그리				
BADWORDS_20150317_000045	{memo X}	빨통				
BADWORDS_20150317_000046	{memo X}	사까시				
BADWORDS_20150317_000047	{memo X}	사카시				
BADWORDS_20150317_000048	{memo X}	삭하시				
BADWORDS_20150317_000049	{memo X}	색스				
BADWORDS_20150317_000050	{memo X}	색쑤				
BADWORDS_20150317_000051	{memo X}	색쓰				
BADWORDS_20150317_000052	{memo X}	샹년				
BADWORDS_20150317_000053	{memo X}	샹놈				
BADWORDS_20150317_000054	{memo X}	샹늠				
BADWORDS_20150317_000055	{memo X}	섹수				
BADWORDS_20150317_000056	{memo X}	섹스				
BADWORDS_20150317_000057	{memo X}	섹쑤				
BADWORDS_20150317_000058	{memo X}	섹쓰				
BADWORDS_20150317_000059	{memo X}	섹히				
BADWORDS_20150317_000060	{memo X}	쇅수				
BADWORDS_20150317_000061	{memo X}	쇅스				
BADWORDS_20150317_000062	{memo X}	쇅쑤				
BADWORDS_20150317_000063	{memo X}	쇅쓰				
BADWORDS_20150317_000064	{memo X}	쉑수				
BADWORDS_20150317_000065	{memo X}	쉑스				
BADWORDS_20150317_000066	{memo X}	쉑쑤				
BADWORDS_20150317_000067	{memo X}	쉑쓰				
BADWORDS_20150317_000068	{memo X}	스와핑				
BADWORDS_20150317_000069	{memo X}	시발				
BADWORDS_20150317_000070	{memo X}	시빨년				
BADWORDS_20150317_000071	{memo X}	시팔				
BADWORDS_20150317_000072	{memo X}	십새꺄				
BADWORDS_20150317_000073	{memo X}	십새끼				
BADWORDS_20150317_000074	{memo X}	십새키				
BADWORDS_20150317_000075	{memo X}	십색꺄				
BADWORDS_20150317_000076	{memo X}	십색끼				
BADWORDS_20150317_000077	{memo X}	십색히				
BADWORDS_20150317_000078	{memo X}	십세끼				
BADWORDS_20150317_000079	{memo X}	십쉐리				
BADWORDS_20150317_000080	{memo X}	십쉐이				
BADWORDS_20150317_000081	{memo X}	십쉑				
BADWORDS_20150317_000082	{memo X}	십쉑히				
BADWORDS_20150317_000083	{memo X}	십시끼				
BADWORDS_20150317_000084	{memo X}	십쌔꺄				
BADWORDS_20150317_000085	{memo X}	십쌔끼				
BADWORDS_20150317_000086	{memo X}	십쌔키				
BADWORDS_20150317_000087	{memo X}	십쎄끼				
BADWORDS_20150317_000088	{memo X}	십씨키				
BADWORDS_20150317_000089	{memo X}	싯팔				
BADWORDS_20150317_000090	{memo X}	ㅆ1발				
BADWORDS_20150317_000091	{memo X}	ㅆ1팔				
BADWORDS_20150317_000092	{memo X}	ㅆI발				
BADWORDS_20150317_000093	{memo X}	ㅆl발				
BADWORDS_20150317_000094	{memo X}	ㅆl팔				
BADWORDS_20150317_000095	{memo X}	쌍것				
BADWORDS_20150317_000096	{memo X}	쌍넌				
BADWORDS_20150317_000097	{memo X}	쌍넘				
BADWORDS_20150317_000098	{memo X}	쌍년				
BADWORDS_20150317_000099	{memo X}	쌍놈				
BADWORDS_20150317_000100	{memo X}	쌍뇬				
BADWORDS_20150317_000101	{memo X}	쌕수				
BADWORDS_20150317_000102	{memo X}	쌕스				
BADWORDS_20150317_000103	{memo X}	쌕쑤				
BADWORDS_20150317_000104	{memo X}	쌕쓰				
BADWORDS_20150317_000105	{memo X}	썅넌				
BADWORDS_20150317_000106	{memo X}	썅넘				
BADWORDS_20150317_000107	{memo X}	썅년				
BADWORDS_20150317_000108	{memo X}	썅놈				
BADWORDS_20150317_000109	{memo X}	썅뇬				
BADWORDS_20150317_000110	{memo X}	쎅수				
BADWORDS_20150317_000111	{memo X}	쎅스				
BADWORDS_20150317_000112	{memo X}	쎅쑤				
BADWORDS_20150317_000113	{memo X}	쎅쓰				
BADWORDS_20150317_000114	{memo X}	쐑수				
BADWORDS_20150317_000115	{memo X}	쐑스				
BADWORDS_20150317_000116	{memo X}	쐑쑤				
BADWORDS_20150317_000117	{memo X}	쐑쓰				
BADWORDS_20150317_000118	{memo X}	쒝수				
BADWORDS_20150317_000119	{memo X}	쒝스				
BADWORDS_20150317_000120	{memo X}	쒝쑤				
BADWORDS_20150317_000121	{memo X}	쒝쓰				
BADWORDS_20150317_000122	{memo X}	쒸발				
BADWORDS_20150317_000123	{memo X}	쒸방				
BADWORDS_20150317_000124	{memo X}	씝년				
BADWORDS_20150317_000125	{memo X}	씨발				
BADWORDS_20150317_000126	{memo X}	씨방새				
BADWORDS_20150317_000127	{memo X}	씨방세				
BADWORDS_20150317_000128	{memo X}	씨방쉐				
BADWORDS_20150317_000129	{memo X}	씨밸				
BADWORDS_20150317_000130	{memo X}	씨밸년				
BADWORDS_20150317_000131	{memo X}	씨벨				
BADWORDS_20150317_000132	{memo X}	씨빡				
BADWORDS_20150317_000133	{memo X}	씨빨				
BADWORDS_20150317_000134	{memo X}	씨입년				
BADWORDS_20150317_000135	{memo X}	씨입뇬				
BADWORDS_20150317_000136	{memo X}	씹				
BADWORDS_20150317_000137	{memo X}	씹8				
BADWORDS_20150317_000138	{memo X}	씹넘				
BADWORDS_20150317_000139	{memo X}	씹년				
BADWORDS_20150317_000140	{memo X}	씹뇬				
BADWORDS_20150317_000141	{memo X}	씹때꺄				
BADWORDS_20150317_000142	{memo X}	씹때끼				
BADWORDS_20150317_000143	{memo X}	씹새				
BADWORDS_20150317_000144	{memo X}	씹새꺄				
BADWORDS_20150317_000145	{memo X}	씹새끼				
BADWORDS_20150317_000146	{memo X}	씹새키				
BADWORDS_20150317_000147	{memo X}	씹색꺄				
BADWORDS_20150317_000148	{memo X}	씹색끼				
BADWORDS_20150317_000149	{memo X}	씹색히				
BADWORDS_20150317_000150	{memo X}	씹세끼				
BADWORDS_20150317_000151	{memo X}	씹쉐				
BADWORDS_20150317_000152	{memo X}	씹쉐리				
BADWORDS_20150317_000153	{memo X}	씹쉐이				
BADWORDS_20150317_000154	{memo X}	씹쉑				
BADWORDS_20150317_000155	{memo X}	씹쉑히				
BADWORDS_20150317_000156	{memo X}	씹시끼				
BADWORDS_20150317_000157	{memo X}	씹쌔꺄				
BADWORDS_20150317_000158	{memo X}	씹쌔끼				
BADWORDS_20150317_000159	{memo X}	씹쌔키				
BADWORDS_20150317_000160	{memo X}	씹쎄끼				
BADWORDS_20150317_000161	{memo X}	씹씨키				
BADWORDS_20150317_000162	{memo X}	씹알				
BADWORDS_20150317_000163	{memo X}	씹창				
BADWORDS_20150317_000164	{memo X}	씹탱				
BADWORDS_20150317_000165	{memo X}	씹팔				
BADWORDS_20150317_000166	{memo X}	씹펄				
BADWORDS_20150317_000167	{memo X}	씹풀				
BADWORDS_20150317_000168	{memo X}	씹할				
BADWORDS_20150317_000169	{memo X}	아구지				
BADWORDS_20150317_000170	{memo X}	아구창				
BADWORDS_20150317_000171	{memo X}	아구통				
BADWORDS_20150317_000172	{memo X}	애널				
BADWORDS_20150317_000173	{memo X}	애미보지				
BADWORDS_20150317_000174	{memo X}	애미자지				
BADWORDS_20150317_000175	{memo X}	애비보지				
BADWORDS_20150317_000176	{memo X}	애비자지				
BADWORDS_20150317_000177	{memo X}	잠지				
BADWORDS_20150317_000178	{memo X}	저빱				
BADWORDS_20150317_000179	{memo X}	접밥				
BADWORDS_20150317_000180	{memo X}	젓가튼				
BADWORDS_20150317_000181	{memo X}	젓같은				
BADWORDS_20150317_000182	{memo X}	젓까				
BADWORDS_20150317_000183	{memo X}	젓까는				
BADWORDS_20150317_000184	{memo X}	젓밥				
BADWORDS_20150317_000185	{memo X}	젓빠지게				
BADWORDS_20150317_000186	{memo X}	젖가튼				
BADWORDS_20150317_000187	{memo X}	젖같은				
BADWORDS_20150317_000188	{memo X}	젖나게				
BADWORDS_20150317_000189	{memo X}	젖마난				
BADWORDS_20150317_000190	{memo X}	젖만한				
BADWORDS_20150317_000191	{memo X}	젖밥				
BADWORDS_20150317_000192	{memo X}	조까				
BADWORDS_20150317_000193	{memo X}	조까는				
BADWORDS_20150317_000194	{memo X}	조까튼				
BADWORDS_20150317_000195	{memo X}	조또				
BADWORDS_20150317_000196	{memo X}	조빱				
BADWORDS_20150317_000197	{memo X}	족같은				
BADWORDS_20150317_000198	{memo X}	족까				
BADWORDS_20150317_000199	{memo X}	졷까				
BADWORDS_20150317_000200	{memo X}	졷까는				
BADWORDS_20150317_000201	{memo X}	좁밥				
BADWORDS_20150317_000202	{memo X}	좃가튼				
BADWORDS_20150317_000203	{memo X}	좃같네				
BADWORDS_20150317_000204	{memo X}	좃같은				
BADWORDS_20150317_000205	{memo X}	좃까				
BADWORDS_20150317_000206	{memo X}	좃까는				
BADWORDS_20150317_000207	{memo X}	좃나				
BADWORDS_20150317_000208	{memo X}	좃나게				
BADWORDS_20150317_000209	{memo X}	좃도				
BADWORDS_20150317_000210	{memo X}	좃밥				
BADWORDS_20150317_000211	{memo X}	좆				
BADWORDS_20150317_000212	{memo X}	좆가튼				
BADWORDS_20150317_000213	{memo X}	좆같은				
BADWORDS_20150317_000214	{memo X}	좆까				
BADWORDS_20150317_000215	{memo X}	좆까는				
BADWORDS_20150317_000216	{memo X}	좆밥				
BADWORDS_20150317_000217	{memo X}	좇				
BADWORDS_20150317_000218	{memo X}	좇같네				
BADWORDS_20150317_000219	{memo X}	좇까				
BADWORDS_20150317_000220	{memo X}	좇까는				
BADWORDS_20150317_000221	{memo X}	좉				
BADWORDS_20150317_000222	{memo X}	좉까는				
BADWORDS_20150317_000223	{memo X}	죶				
BADWORDS_20150317_000224	{memo X}	죶가튼				
BADWORDS_20150317_000225	{memo X}	죶같은				
BADWORDS_20150317_000226	{memo X}	죷				
BADWORDS_20150317_000227	{memo X}	죹				
BADWORDS_20150317_000228	{memo X}	창녀				
BADWORDS_20150317_000229	{memo X}	창년				
BADWORDS_20150317_000230	{memo X}	창뇬				
BADWORDS_20150317_000231	{memo X}	챵녀				
BADWORDS_20150317_000232	{memo X}	챵년				
BADWORDS_20150317_000233	{memo X}	챵뇬				
BADWORDS_20150317_000234	{memo X}	화냥년				
BADWORDS_20150317_000235	{memo X}	후장				
BADWORDS_20150317_000236	{memo X}	ㄱH뇬				
BADWORDS_20150317_000237	{memo X}	개넌				
BADWORDS_20150317_000238	{memo X}	개넘				
BADWORDS_20150317_000239	{memo X}	개눔				
BADWORDS_20150317_000240	{memo X}	개도라이				
BADWORDS_20150317_000241	{memo X}	개때꺄				
BADWORDS_20150317_000242	{memo X}	개또라이				
BADWORDS_20150317_000243	{memo X}	개부럴				
BADWORDS_20150317_000244	{memo X}	개색기				
BADWORDS_20150317_000245	{memo X}	개색꺄				
BADWORDS_20150317_000246	{memo X}	개색끼				
BADWORDS_20150317_000247	{memo X}	개샠				
BADWORDS_20150317_000248	{memo X}	개섹				
BADWORDS_20150317_000249	{memo X}	개쇄끼				
BADWORDS_20150317_000250	{memo X}	개쇅				
BADWORDS_20150317_000251	{memo X}	개쇅갸				
BADWORDS_20150317_000252	{memo X}	개쇅기				
BADWORDS_20150317_000253	{memo X}	개쇅꺄				
BADWORDS_20150317_000254	{memo X}	개쇅끼				
BADWORDS_20150317_000255	{memo X}	개쇅캬				
BADWORDS_20150317_000256	{memo X}	개쇅키				
BADWORDS_20150317_000257	{memo X}	개쉐				
BADWORDS_20150317_000258	{memo X}	개쉐끼				
BADWORDS_20150317_000259	{memo X}	개쉑				
BADWORDS_20150317_000260	{memo X}	개쉑갸				
BADWORDS_20150317_000261	{memo X}	개쉑기				
BADWORDS_20150317_000262	{memo X}	개쉑꺄				
BADWORDS_20150317_000263	{memo X}	개쉑끼				
BADWORDS_20150317_000264	{memo X}	개쉑캬				
BADWORDS_20150317_000265	{memo X}	개쉑키				
BADWORDS_20150317_000266	{memo X}	개쉑히				
BADWORDS_20150317_000267	{memo X}	개쉽				
BADWORDS_20150317_000268	{memo X}	개쌔꺄				
BADWORDS_20150317_000269	{memo X}	개쌔끼				
BADWORDS_20150317_000270	{memo X}	개쌕끼				
BADWORDS_20150317_000271	{memo X}	개썅년				
BADWORDS_20150317_000272	{memo X}	개쒜리				
BADWORDS_20150317_000273	{memo X}	개쒝				
BADWORDS_20150317_000274	{memo X}	개쒝갸				
BADWORDS_20150317_000275	{memo X}	개쒝기				
BADWORDS_20150317_000276	{memo X}	개쒝꺄				
BADWORDS_20150317_000277	{memo X}	개쒝끼				
BADWORDS_20150317_000278	{memo X}	개쒝캬				
BADWORDS_20150317_000279	{memo X}	개쒝키				
BADWORDS_20150317_000280	{memo X}	개쒹기				
BADWORDS_20150317_000281	{memo X}	개염창				
BADWORDS_20150317_000282	{memo X}	개자식				
BADWORDS_20150317_000283	{memo X}	개젓				
BADWORDS_20150317_000284	{memo X}	개젖				
BADWORDS_20150317_000285	{memo X}	개졋				
BADWORDS_20150317_000286	{memo X}	개졎				
BADWORDS_20150317_000287	{memo X}	개지랄				
BADWORDS_20150317_000288	{memo X}	개찌질이				
BADWORDS_20150317_000289	{memo X}	개후랄				
BADWORDS_20150317_000290	{memo X}	개후레				
BADWORDS_20150317_000291	{memo X}	게뇬				
BADWORDS_20150317_000292	{memo X}	게눔				
BADWORDS_20150317_000293	{memo X}	게새리				
BADWORDS_20150317_000294	{memo X}	게색				
BADWORDS_20150317_000295	{memo X}	게색기				
BADWORDS_20150317_000296	{memo X}	게색끼				
BADWORDS_20150317_000297	{memo X}	게세				
BADWORDS_20150317_000298	{memo X}	게섹				
BADWORDS_20150317_000299	{memo X}	게섹놈아				
BADWORDS_20150317_000300	{memo X}	게쉐				
BADWORDS_20150317_000301	{memo X}	게시끼				
BADWORDS_20150317_000302	{memo X}	게시퀴				
BADWORDS_20150317_000303	{memo X}	게쌔기				
BADWORDS_20150317_000304	{memo X}	게쌕끼				
BADWORDS_20150317_000305	{memo X}	계같은뇬				
BADWORDS_20150317_000306	{memo X}	꼬추				
BADWORDS_20150317_000307	{memo X}	보쥐				
BADWORDS_20150317_000308	{memo X}	보짓				
BADWORDS_20150317_000309	{memo X}	보g				
BADWORDS_20150317_000310	{memo X}	보z				
BADWORDS_20150317_000311	{memo X}	성감대				
BADWORDS_20150317_000312	{memo X}	성겨육				
BADWORDS_20150317_000313	{memo X}	성경험				
BADWORDS_20150317_000314	{memo X}	성관계				
BADWORDS_20150317_000315	{memo X}	성교				
BADWORDS_20150317_000316	{memo X}	성교제				
BADWORDS_20150317_000317	{memo X}	성기구				
BADWORDS_20150317_000318	{memo X}	성방				
BADWORDS_20150317_000319	{memo X}	성상담				
BADWORDS_20150317_000320	{memo X}	성생활				
BADWORDS_20150317_000321	{memo X}	성섹스				
BADWORDS_20150317_000322	{memo X}	성숙녀				
BADWORDS_20150317_000323	{memo X}	성욕구				
BADWORDS_20150317_000324	{memo X}	성인방송				
BADWORDS_20150317_000325	{memo X}	성인사진				
BADWORDS_20150317_000326	{memo X}	성인소설				
BADWORDS_20150317_000327	{memo X}	성인야동				
BADWORDS_20150317_000328	{memo X}	성인야사				
BADWORDS_20150317_000329	{memo X}	성인야캠				
BADWORDS_20150317_000330	{memo X}	성인용품				
BADWORDS_20150317_000331	{memo X}	성체위				
BADWORDS_20150317_000332	{memo X}	성체험				
BADWORDS_20150317_000333	{memo X}	성추행				
BADWORDS_20150317_000334	{memo X}	성충동				
BADWORDS_20150317_000335	{memo X}	성클리닉				
BADWORDS_20150317_000336	{memo X}	성태크닉				
BADWORDS_20150317_000337	{memo X}	성테크닉				
BADWORDS_20150317_000338	{memo X}	성폭행				
BADWORDS_20150317_000339	{memo X}	성행위				
BADWORDS_20150317_000340	{memo X}	알몸공개				
BADWORDS_20150317_000341	{memo X}	알몸사진				
BADWORDS_20150317_000342	{memo X}	알몸쇼				
BADWORDS_20150317_000343	{memo X}	애무				
BADWORDS_20150317_000344	{memo X}	애액				
BADWORDS_20150317_000345	{memo X}	애자				
BADWORDS_20150317_000346	{memo X}	애쟈				
BADWORDS_20150317_000347	{memo X}	앰창				
BADWORDS_20150317_000348	{memo X}	야겜				
BADWORDS_20150317_000349	{memo X}	야녀				
BADWORDS_20150317_000350	{memo X}	야담				
BADWORDS_20150317_000351	{memo X}	야덩				
BADWORDS_20150317_000352	{memo X}	야동				
BADWORDS_20150317_000353	{memo X}	야똥				
BADWORDS_20150317_000354	{memo X}	야섹				
BADWORDS_20150317_000355	{memo X}	야시녀				
BADWORDS_20150317_000356	{memo X}	야시시				
BADWORDS_20150317_000357	{memo X}	야자료				
BADWORDS_20150317_000358	{memo X}	야캠				
BADWORDS_20150317_000359	{memo X}	야하게				
BADWORDS_20150317_000360	{memo X}	야한놈				
BADWORDS_20150317_000361	{memo X}	야한동영상				
BADWORDS_20150317_000362	{memo X}	야한사이트				
BADWORDS_20150317_000363	{memo X}	야한사진				
BADWORDS_20150317_000364	{memo X}	양아치				
BADWORDS_20150317_000365	{memo X}	얼간이				
BADWORDS_20150317_000366	{memo X}	엄창				
BADWORDS_20150317_000367	{memo X}	에믜				
BADWORDS_20150317_000368	{memo X}	에자				
BADWORDS_20150317_000369	{memo X}	엑스터시				
BADWORDS_20150317_000370	{memo X}	엠창				
BADWORDS_20150317_000371	{memo X}	염병				
BADWORDS_20150317_000372	{memo X}	옘병				
BADWORDS_20150317_000373	{memo X}	오까마				
BADWORDS_20150317_000374	{memo X}	오랄				
BADWORDS_20150317_000375	{memo X}	오럴				
BADWORDS_20150317_000376	{memo X}	오르가슴				
BADWORDS_20150317_000377	{memo X}	오르가즘				
BADWORDS_20150317_000378	{memo X}	올가즘				
BADWORDS_20150317_000379	{memo X}	옹녀				
BADWORDS_20150317_000380	{memo X}	원조교재				
BADWORDS_20150317_000381	{memo X}	원조교제				
BADWORDS_20150317_000382	{memo X}	월경				
BADWORDS_20150317_000383	{memo X}	유방				
BADWORDS_20150317_000384	{memo X}	육구자세				
BADWORDS_20150317_000385	{memo X}	육봉				
BADWORDS_20150317_000386	{memo X}	육봉대가리				
BADWORDS_20150317_000387	{memo X}	윤간				
BADWORDS_20150317_000388	{memo X}	윤락				
BADWORDS_20150317_000389	{memo X}	음경				
BADWORDS_20150317_000390	{memo X}	음담패설				
BADWORDS_20150317_000391	{memo X}	음란				
BADWORDS_20150317_000392	{memo X}	음모				
BADWORDS_20150317_000393	{memo X}	음부				
BADWORDS_20150317_000394	{memo X}	자위				
BADWORDS_20150317_000395	{memo X}	자쥐				
BADWORDS_20150317_000396	{memo X}	자짓				
BADWORDS_20150317_000397	{memo X}	자g				
BADWORDS_20150317_000398	{memo X}	자z				
BADWORDS_20150317_000399	{memo X}	잠쥐				
BADWORDS_20150317_000400	{memo X}	잠짓				
BADWORDS_20150317_000401	{memo X}	잠g				
BADWORDS_20150317_000402	{memo X}	잠z				
BADWORDS_20150317_000403	{memo X}	저까				
BADWORDS_20150317_000404	{memo X}	저까는				
BADWORDS_20150317_000405	{memo X}	저까튼				
BADWORDS_20150317_000406	{memo X}	저년				
BADWORDS_20150317_000407	{memo X}	저빠지게				
BADWORDS_20150317_000408	{memo X}	저샤키				
BADWORDS_20150317_000409	{memo X}	전나게				
BADWORDS_20150317_000410	{memo X}	전나구려				
BADWORDS_20150317_000411	{memo X}	절라게				
BADWORDS_20150317_000412	{memo X}	젓나				
BADWORDS_20150317_000413	{memo X}	젓나게				
BADWORDS_20150317_000414	{memo X}	젓마난				
BADWORDS_20150317_000415	{memo X}	젓만한				
BADWORDS_20150317_000416	{memo X}	정력				
BADWORDS_20150317_000417	{memo X}	정사				
BADWORDS_20150317_000418	{memo X}	정자				
BADWORDS_20150317_000419	{memo X}	젖고픈				
BADWORDS_20150317_000420	{memo X}	젖까				
BADWORDS_20150317_000421	{memo X}	젖까는				
BADWORDS_20150317_000422	{memo X}	젖꼭지				
BADWORDS_20150317_000423	{memo X}	젖나				
BADWORDS_20150317_000424	{memo X}	젖도				
BADWORDS_20150317_000425	{memo X}	젖은숲				
BADWORDS_20150317_000426	{memo X}	젖통				
BADWORDS_20150317_000427	{memo X}	처녀막				
BADWORDS_20150317_000428	{memo X}	체모				
BADWORDS_20150317_000429	{memo X}	체위				
BADWORDS_20150317_000430	{memo X}	최음제				
BADWORDS_20150317_000431	{memo X}	컴섹				
BADWORDS_20150317_000432	{memo X}	컴쌕				
BADWORDS_20150317_000433	{memo X}	콘돔				
BADWORDS_20150317_000434	{memo X}	콩까				
BADWORDS_20150317_000435	{memo X}	콩까자				
BADWORDS_20150317_000436	{memo X}	크리토리스				
BADWORDS_20150317_000437	{memo X}	클리토리스				
BADWORDS_20150317_000438	{memo X}	퇴폐				
BADWORDS_20150317_000439	{memo X}	패니스				
BADWORDS_20150317_000440	{memo X}	패티쉬				
BADWORDS_20150317_000441	{memo X}	패티시				
BADWORDS_20150317_000442	{memo X}	팰라치오				
BADWORDS_20150317_000443	{memo X}	퍼르노				
BADWORDS_20150317_000444	{memo X}	퍽큐				
BADWORDS_20150317_000445	{memo X}	펀색				
BADWORDS_20150317_000446	{memo X}	펀섹				
BADWORDS_20150317_000447	{memo X}	페니스				
BADWORDS_20150317_000448	{memo X}	페미돔				
BADWORDS_20150317_000449	{memo X}	페티걸				
BADWORDS_20150317_000450	{memo X}	페티쉬				
BADWORDS_20150317_000451	{memo X}	페티시				
BADWORDS_20150317_000452	{memo X}	포로노				
BADWORDS_20150317_000453	{memo X}	포르너				
BADWORDS_20150317_000454	{memo X}	포르노				
BADWORDS_20150317_000455	{memo X}	포르느				
BADWORDS_20150317_000456	{memo X}	포르로				
BADWORDS_20150317_000457	{memo X}	포온섹				
BADWORDS_20150317_000458	{memo X}	폰색				
BADWORDS_20150317_000459	{memo X}	폰섹				
BADWORDS_20150317_000460	{memo X}	폰즈				
BADWORDS_20150317_000461	{memo X}	풋잡				
BADWORDS_20150317_000462	{memo X}	프리섹스				
BADWORDS_20150317_000463	{memo X}	곧휴				
BADWORDS_20150317_000464	{memo X}	bo지				
BADWORDS_20150317_000465	{memo X}	c발				
BADWORDS_20150317_000466	{memo X}	c팔				
BADWORDS_20150317_000467	{memo X}	ce발				
BADWORDS_20150317_000468	{memo X}	ja위				
BADWORDS_20150317_000469	{memo X}	ja지				
BADWORDS_20150317_000470	{memo X}	ji랄				
BADWORDS_20150317_000471	{memo X}	갈보				
BADWORDS_20150317_000472	{memo X}	2c팔				
BADWORDS_20150317_000473	{memo X}	ㄱㅐ새				
BADWORDS_20150317_000474	{memo X}	개ㅅㅐ				
BADWORDS_20150317_000475	{memo X}	개꼬치				
BADWORDS_20150317_000476	{memo X}	개때끼				
BADWORDS_20150317_000477	{memo X}	개부랄				
BADWORDS_20150317_000478	{memo X}	개부러럴				
BADWORDS_20150317_000479	{memo X}	개불알				
BADWORDS_20150317_000480	{memo X}	개뼈다구				
BADWORDS_20150317_000481	{memo X}	개뼈다귀				
BADWORDS_20150317_000482	{memo X}	개뼉다구				
BADWORDS_20150317_000483	{memo X}	개뼉따구				
BADWORDS_20150317_000484	{memo X}	개색히				
BADWORDS_20150317_000485	{memo X}	개샛킹				
BADWORDS_20150317_000486	{memo X}	개세				
BADWORDS_20150317_000487	{memo X}	개세이				
BADWORDS_20150317_000488	{memo X}	개쉐리				
BADWORDS_20150317_000489	{memo X}	개쉐이				
BADWORDS_20150317_000490	{memo X}	개쉬리				
BADWORDS_20150317_000491	{memo X}	개스키				
BADWORDS_20150317_000492	{memo X}	개시키				
BADWORDS_20150317_000493	{memo X}	개쌍년				
BADWORDS_20150317_000494	{memo X}	개쌍놈				
BADWORDS_20150317_000495	{memo X}	개씨발				
BADWORDS_20150317_000496	{memo X}	개씹창				
BADWORDS_20150317_000497	{memo X}	개아이				
BADWORDS_20150317_000498	{memo X}	개자				
BADWORDS_20150317_000499	{memo X}	개자슥				
BADWORDS_20150317_000500	{memo X}	개조또				
BADWORDS_20150317_000501	{memo X}	개후장				
BADWORDS_20150317_000502	{memo X}	거지새끼				
BADWORDS_20150317_000503	{memo X}	거지쉐뀌				
BADWORDS_20150317_000504	{memo X}	거지쎄끼				
BADWORDS_20150317_000505	{memo X}	거지쒜리				
BADWORDS_20150317_000506	{memo X}	걸래				
BADWORDS_20150317_000507	{memo X}	걸레				
BADWORDS_20150317_000508	{memo X}	겁탈				
BADWORDS_20150317_000509	{memo X}	게년				
BADWORDS_20150317_000510	{memo X}	계약애인				
BADWORDS_20150317_000511	{memo X}	계약앤				
BADWORDS_20150317_000512	{memo X}	그룹섹				
BADWORDS_20150317_000513	{memo X}	그지새끼				
BADWORDS_20150317_000514	{memo X}	그지새키				
BADWORDS_20150317_000515	{memo X}	그지좃밥				
BADWORDS_20150317_000516	{memo X}	그지좃빱				
BADWORDS_20150317_000517	{memo X}	그지좆밥				
BADWORDS_20150317_000518	{memo X}	꺼지셈				
BADWORDS_20150317_000519	{memo X}	꼴깝				
BADWORDS_20150317_000520	{memo X}	꼴려				
BADWORDS_20150317_000521	{memo X}	꼴리				
BADWORDS_20150317_000522	{memo X}	꼴리는				
BADWORDS_20150317_000523	{memo X}	꼴리다				
BADWORDS_20150317_000524	{memo X}	꼴통				
BADWORDS_20150317_000525	{memo X}	꽁까				
BADWORDS_20150317_000526	{memo X}	꽃뱀				
BADWORDS_20150317_000527	{memo X}	낑깡보지				
BADWORDS_20150317_000528	{memo X}	ㄴㅣ에미				
BADWORDS_20150317_000529	{memo X}	ㄴ1ㅇH미				
BADWORDS_20150317_000530	{memo X}	ㄴ1에미				
BADWORDS_20150317_000531	{memo X}	넴병				
BADWORDS_20150317_000532	{memo X}	뉘미럴				
BADWORDS_20150317_000533	{memo X}	뉘잉기미				
BADWORDS_20150317_000534	{memo X}	늬믜창				
BADWORDS_20150317_000535	{memo X}	니미랄				
BADWORDS_20150317_000536	{memo X}	니미럴				
BADWORDS_20150317_000537	{memo X}	니미롤				
BADWORDS_20150317_000538	{memo X}	니미룰				
BADWORDS_20150317_000539	{memo X}	니미를				
BADWORDS_20150317_000540	{memo X}	니앰				
BADWORDS_20150317_000541	{memo X}	니엠				
BADWORDS_20150317_000542	{memo X}	니좆				
BADWORDS_20150317_000543	{memo X}	니죠때				
BADWORDS_20150317_000544	{memo X}	니죶데				
BADWORDS_20150317_000545	{memo X}	되가리				
BADWORDS_20150317_000546	{memo X}	드응신				
BADWORDS_20150317_000547	{memo X}	디랄				
BADWORDS_20150317_000548	{memo X}	디럴				
BADWORDS_20150317_000549	{memo X}	딜도				
BADWORDS_20150317_000550	{memo X}	따굴				
BADWORDS_20150317_000551	{memo X}	딸따뤼				
BADWORDS_20150317_000552	{memo X}	딸치는				
BADWORDS_20150317_000553	{memo X}	떡치				
BADWORDS_20150317_000554	{memo X}	똘봉년				
BADWORDS_20150317_000555	{memo X}	뜁새				
BADWORDS_20150317_000556	{memo X}	띱때끼				
BADWORDS_20150317_000557	{memo X}	띱새				
BADWORDS_20150317_000558	{memo X}	ㅁl친				
BADWORDS_20150317_000559	{memo X}	마스터베이				
BADWORDS_20150317_000560	{memo X}	매춘				
BADWORDS_20150317_000561	{memo X}	몸파는				
BADWORDS_20150317_000562	{memo X}	몸파라				
BADWORDS_20150317_000563	{memo X}	뭬친놈				
BADWORDS_20150317_000564	{memo X}	미륀놈				
BADWORDS_20150317_000565	{memo X}	미찬놈				
BADWORDS_20150317_000566	{memo X}	미췬년				
BADWORDS_20150317_000567	{memo X}	미췬뇬				
BADWORDS_20150317_000568	{memo X}	미친년				
BADWORDS_20150317_000569	{memo X}	미친뇬				
BADWORDS_20150317_000570	{memo X}	밑구녕				
BADWORDS_20150317_000571	{memo X}	밑창				
BADWORDS_20150317_000572	{memo X}	바보새끼				
BADWORDS_20150317_000573	{memo X}	바이브레이터				
BADWORDS_20150317_000574	{memo X}	박을년				
BADWORDS_20150317_000575	{memo X}	발정				
BADWORDS_20150317_000576	{memo X}	뱅쉰				
BADWORDS_20150317_000577	{memo X}	뱅싄				
BADWORDS_20150317_000578	{memo X}	뱅신				
BADWORDS_20150317_000579	{memo X}	버짓물				
BADWORDS_20150317_000580	{memo X}	번색				
BADWORDS_20150317_000581	{memo X}	벙섹				
BADWORDS_20150317_000582	{memo X}	벼엉신				
BADWORDS_20150317_000583	{memo X}	변섹				
BADWORDS_20150317_000584	{memo X}	병쉰				
BADWORDS_20150317_000585	{memo X}	병싄				
BADWORDS_20150317_000586	{memo X}	병신				
BADWORDS_20150317_000587	{memo X}	병신새끼				
BADWORDS_20150317_000588	{memo X}	병싡				
BADWORDS_20150317_000589	{memo X}	병씮				
BADWORDS_20150317_000590	{memo X}	보ㅈㅣ				
BADWORDS_20150317_000591	{memo X}	봉알				
BADWORDS_20150317_000592	{memo X}	뵤지				
BADWORDS_20150317_000593	{memo X}	뵹싄				
BADWORDS_20150317_000594	{memo X}	뵹신				
BADWORDS_20150317_000595	{memo X}	부럴				
BADWORDS_20150317_000596	{memo X}	불륜				
BADWORDS_20150317_000597	{memo X}	붕신				
BADWORDS_20150317_000598	{memo X}	붕알				
BADWORDS_20150317_000599	{memo X}	붱신				
BADWORDS_20150317_000600	{memo X}	뷩신				
BADWORDS_20150317_000601	{memo X}	뷰웅신				
BADWORDS_20150317_000602	{memo X}	븅쉰				
BADWORDS_20150317_000603	{memo X}	븅싄				
BADWORDS_20150317_000604	{memo X}	븅신				
BADWORDS_20150317_000605	{memo X}	브랄				
BADWORDS_20150317_000606	{memo X}	븽신				
BADWORDS_20150317_000607	{memo X}	비잉신				
BADWORDS_20150317_000608	{memo X}	빙쉰				
BADWORDS_20150317_000609	{memo X}	ㅃㅏ구ㄹㅣ				
BADWORDS_20150317_000610	{memo X}	빠꾸리				
BADWORDS_20150317_000611	{memo X}	빠돌이				
BADWORDS_20150317_000612	{memo X}	빠라조				
BADWORDS_20150317_000613	{memo X}	빠라줘				
BADWORDS_20150317_000614	{memo X}	빠러				
BADWORDS_20150317_000615	{memo X}	빠르너				
BADWORDS_20150317_000616	{memo X}	빡촌				
BADWORDS_20150317_000617	{memo X}	빡큐				
BADWORDS_20150317_000618	{memo X}	빨간국물				
BADWORDS_20150317_000619	{memo X}	빨기				
BADWORDS_20150317_000620	{memo X}	빨께				
BADWORDS_20150317_000621	{memo X}	빨라줘				
BADWORDS_20150317_000622	{memo X}	빨아				
BADWORDS_20150317_000623	{memo X}	빨아줘				
BADWORDS_20150317_000624	{memo X}	빨어				
BADWORDS_20150317_000625	{memo X}	빽보지				
BADWORDS_20150317_000626	{memo X}	빽자지				
BADWORDS_20150317_000627	{memo X}	뻐르노				
BADWORDS_20150317_000628	{memo X}	뻐큐				
BADWORDS_20150317_000629	{memo X}	뻑큐				
BADWORDS_20150317_000630	{memo X}	뽀르노				
BADWORDS_20150317_000631	{memo X}	뽀작				
BADWORDS_20150317_000632	{memo X}	뽀지				
BADWORDS_20150317_000633	{memo X}	뽀큐				
BADWORDS_20150317_000634	{memo X}	뽁큐				
BADWORDS_20150317_000635	{memo X}	뽈노				
BADWORDS_20150317_000636	{memo X}	뽈로노				
BADWORDS_20150317_000637	{memo X}	뽕알				
BADWORDS_20150317_000638	{memo X}	ㅅ1발				
BADWORDS_20150317_000639	{memo X}	사갈탱이				
BADWORDS_20150317_000640	{memo X}	사까치				
BADWORDS_20150317_000641	{memo X}	사창				
BADWORDS_20150317_000642	{memo X}	사창가				
BADWORDS_20150317_000643	{memo X}	삿깟시				
BADWORDS_20150317_000644	{memo X}	상년				
BADWORDS_20150317_000645	{memo X}	상노무				
BADWORDS_20150317_000646	{memo X}	새까				
BADWORDS_20150317_000647	{memo X}	새꺄				
BADWORDS_20150317_000648	{memo X}	새끠				
BADWORDS_20150317_000649	{memo X}	새키				
BADWORDS_20150317_000650	{memo X}	색갸				
BADWORDS_20150317_000651	{memo X}	색걸				
BADWORDS_20150317_000652	{memo X}	색골				
BADWORDS_20150317_000653	{memo X}	색광				
BADWORDS_20150317_000654	{memo X}	색꺄				
BADWORDS_20150317_000655	{memo X}	색끼				
BADWORDS_20150317_000656	{memo X}	색남				
BADWORDS_20150317_000657	{memo X}	색녀				
BADWORDS_20150317_000658	{memo X}	색마				
BADWORDS_20150317_000659	{memo X}	색수				
BADWORDS_20150317_000660	{memo X}	샹				
BADWORDS_20150317_000661	{memo X}	성노예				
BADWORDS_20150317_000662	{memo X}	성욕				
BADWORDS_20150317_000663	{memo X}	성폭력				
BADWORDS_20150317_000664	{memo X}	세꺄				
BADWORDS_20150317_000665	{memo X}	세끠				
BADWORDS_20150317_000666	{memo X}	세끼				
BADWORDS_20150317_000667	{memo X}	세액스				
BADWORDS_20150317_000668	{memo X}	세엑스				
BADWORDS_20150317_000669	{memo X}	세키				
BADWORDS_20150317_000670	{memo X}	섹걸				
BADWORDS_20150317_000671	{memo X}	섹골				
BADWORDS_20150317_000672	{memo X}	섹남				
BADWORDS_20150317_000673	{memo X}	섹녀				
BADWORDS_20150317_000674	{memo X}	섹마				
BADWORDS_20150317_000675	{memo X}	섹무비				
BADWORDS_20150317_000676	{memo X}	섹보지				
BADWORDS_20150317_000677	{memo X}	섹소리				
BADWORDS_20150317_000678	{memo X}	섹슈				
BADWORDS_20150317_000679	{memo X}	섹스경험				
BADWORDS_20150317_000680	{memo X}	섹티즌				
BADWORDS_20150317_000681	{memo X}	섹파트너				
BADWORDS_20150317_000682	{memo X}	섹하자				
BADWORDS_20150317_000683	{memo X}	섹하장				
BADWORDS_20150317_000684	{memo X}	섹할				
BADWORDS_20150317_000685	{memo X}	섹해				
BADWORDS_20150317_000686	{memo X}	쇄끼				
BADWORDS_20150317_000687	{memo X}	쇅끼				
BADWORDS_20150317_000688	{memo X}	수간				
BADWORDS_20150317_000689	{memo X}	수음				
BADWORDS_20150317_000690	{memo X}	쉐끼				
BADWORDS_20150317_000691	{memo X}	쉐키				
BADWORDS_20150317_000692	{memo X}	쉑				
BADWORDS_20150317_000693	{memo X}	쉑히				
BADWORDS_20150317_000694	{memo X}	쉣더뻑				
BADWORDS_20150317_000695	{memo X}	쉬바				
BADWORDS_20150317_000696	{memo X}	쉬발				
BADWORDS_20150317_000697	{memo X}	쉬방				
BADWORDS_20150317_000698	{memo X}	쉬밸				
BADWORDS_20150317_000699	{memo X}	쉬벌				
BADWORDS_20150317_000700	{memo X}	쉬부				
BADWORDS_20150317_000701	{memo X}	쉬불				
BADWORDS_20150317_000702	{memo X}	쉬붕				
BADWORDS_20150317_000703	{memo X}	쉬빠				
BADWORDS_20150317_000704	{memo X}	쉬빡				
BADWORDS_20150317_000705	{memo X}	쉬빨				
BADWORDS_20150317_000706	{memo X}	쉬이바				
BADWORDS_20150317_000707	{memo X}	쉬이발				
BADWORDS_20150317_000708	{memo X}	쉬이방				
BADWORDS_20150317_000709	{memo X}	쉬이밸				
BADWORDS_20150317_000710	{memo X}	쉬이벌				
BADWORDS_20150317_000711	{memo X}	쉬이부				
BADWORDS_20150317_000712	{memo X}	쉬이불				
BADWORDS_20150317_000713	{memo X}	쉬이붕				
BADWORDS_20150317_000714	{memo X}	쉬이빡				
BADWORDS_20150317_000715	{memo X}	쉬이빨				
BADWORDS_20150317_000716	{memo X}	쉬이팔				
BADWORDS_20150317_000717	{memo X}	쉬이펄				
BADWORDS_20150317_000718	{memo X}	쉬이풀				
BADWORDS_20150317_000719	{memo X}	쉬팍				
BADWORDS_20150317_000720	{memo X}	쉬팔				
BADWORDS_20150317_000721	{memo X}	쉭셰리				
BADWORDS_20150317_000722	{memo X}	쉽새				
BADWORDS_20150317_000723	{memo X}	쉽생구리				
BADWORDS_20150317_000724	{memo X}	쉽알				
BADWORDS_20150317_000725	{memo X}	쉽할이				
BADWORDS_20150317_000726	{memo X}	스너프				
BADWORDS_20150317_000727	{memo X}	스발				
BADWORDS_20150317_000728	{memo X}	스벌				
BADWORDS_20150317_000729	{memo X}	스팔				
BADWORDS_20150317_000730	{memo X}	싀발				
BADWORDS_20150317_000731	{memo X}	싀발로모				
BADWORDS_20150317_000732	{memo X}	싀방				
BADWORDS_20150317_000733	{memo X}	싀봉				
BADWORDS_20150317_000734	{memo X}	싀팔				
BADWORDS_20150317_000735	{memo X}	시끼				
BADWORDS_20150317_000736	{memo X}	시댕				
BADWORDS_20150317_000737	{memo X}	시뎅				
BADWORDS_20150317_000738	{memo X}	시발넘				
BADWORDS_20150317_000739	{memo X}	시발년				
BADWORDS_20150317_000740	{memo X}	시발놈				
BADWORDS_20150317_000741	{memo X}	시방새				
BADWORDS_20150317_000742	{memo X}	시방세				
BADWORDS_20150317_000743	{memo X}	시방쉐				
BADWORDS_20150317_000744	{memo X}	시벌				
BADWORDS_20150317_000745	{memo X}	시벨넘				
BADWORDS_20150317_000746	{memo X}	시벨새키				
BADWORDS_20150317_000747	{memo X}	시부랄				
BADWORDS_20150317_000748	{memo X}	시부럴				
BADWORDS_20150317_000749	{memo X}	시부리				
BADWORDS_20150317_000750	{memo X}	시불				
BADWORDS_20150317_000751	{memo X}	시붕				
BADWORDS_20150317_000752	{memo X}	시브랄				
BADWORDS_20150317_000753	{memo X}	시빨				
BADWORDS_20150317_000754	{memo X}	시이바				
BADWORDS_20150317_000755	{memo X}	시이발				
BADWORDS_20150317_000756	{memo X}	시이방				
BADWORDS_20150317_000757	{memo X}	시이밸				
BADWORDS_20150317_000758	{memo X}	시이벌				
BADWORDS_20150317_000759	{memo X}	시이부				
BADWORDS_20150317_000760	{memo X}	시이불				
BADWORDS_20150317_000761	{memo X}	시이붕				
BADWORDS_20150317_000762	{memo X}	시이빡				
BADWORDS_20150317_000763	{memo X}	시이팔				
BADWORDS_20150317_000764	{memo X}	시이펄				
BADWORDS_20150317_000765	{memo X}	시이풀				
BADWORDS_20150317_000766	{memo X}	시펄				
BADWORDS_20150317_000767	{memo X}	시풀				
BADWORDS_20150317_000768	{memo X}	십8				
BADWORDS_20150317_000769	{memo X}	십녀				
BADWORDS_20150317_000770	{memo X}	십때꺄				
BADWORDS_20150317_000771	{memo X}	십때끼				
BADWORDS_20150317_000772	{memo X}	십떼끼				
BADWORDS_20150317_000773	{memo X}	십물				
BADWORDS_20150317_000774	{memo X}	십새				
BADWORDS_20150317_000775	{memo X}	십쇡기				
BADWORDS_20150317_000776	{memo X}	십쉐				
BADWORDS_20150317_000777	{memo X}	십쌔				
BADWORDS_20150317_000778	{memo X}	십알				
BADWORDS_20150317_000779	{memo X}	십좌지				
BADWORDS_20150317_000780	{memo X}	십창				
BADWORDS_20150317_000781	{memo X}	십팔				
BADWORDS_20150317_000782	{memo X}	십할				
BADWORDS_20150317_000783	{memo X}	싶알				
BADWORDS_20150317_000784	{memo X}	싸가지				
BADWORDS_20150317_000785	{memo X}	싹수				
BADWORDS_20150317_000786	{memo X}	싹아지				
BADWORDS_20150317_000787	{memo X}	쌈치기				
BADWORDS_20150317_000788	{memo X}	쌉년				
BADWORDS_20150317_000789	{memo X}	쌍놈아				
BADWORDS_20150317_000790	{memo X}	쌔꺄				
BADWORDS_20150317_000791	{memo X}	쌔끼				
BADWORDS_20150317_000792	{memo X}	쌔리				
BADWORDS_20150317_000793	{memo X}	쌔키				
BADWORDS_20150317_000794	{memo X}	쌕걸				
BADWORDS_20150317_000795	{memo X}	쌕광				
BADWORDS_20150317_000796	{memo X}	쌩쇼				
BADWORDS_20150317_000797	{memo X}	쌩쑈				
BADWORDS_20150317_000798	{memo X}	쌩아다				
BADWORDS_20150317_000799	{memo X}	썅				
BADWORDS_20150317_000800	{memo X}	썅팔년				
BADWORDS_20150317_000801	{memo X}	썌꺄				
BADWORDS_20150317_000802	{memo X}	써벌				
BADWORDS_20150317_000803	{memo X}	썩을년				
BADWORDS_20150317_000804	{memo X}	쎄꺄				
BADWORDS_20150317_000805	{memo X}	쎄끈				
BADWORDS_20150317_000806	{memo X}	쎄끼				
BADWORDS_20150317_000807	{memo X}	쎄엑				
BADWORDS_20150317_000808	{memo X}	쎄엑스				
BADWORDS_20150317_000809	{memo X}	쎅				
BADWORDS_20150317_000810	{memo X}	쑤셔				
BADWORDS_20150317_000811	{memo X}	쒸바				
BADWORDS_20150317_000812	{memo X}	쒸밸				
BADWORDS_20150317_000813	{memo X}	쒸벌				
BADWORDS_20150317_000814	{memo X}	쒸부				
BADWORDS_20150317_000815	{memo X}	쒸부랄				
BADWORDS_20150317_000816	{memo X}	쒸부럴				
BADWORDS_20150317_000817	{memo X}	쒸불				
BADWORDS_20150317_000818	{memo X}	쒸붕				
BADWORDS_20150317_000819	{memo X}	쒸빡				
BADWORDS_20150317_000820	{memo X}	쒸빨				
BADWORDS_20150317_000821	{memo X}	쒸이				
BADWORDS_20150317_000822	{memo X}	쒸이바				
BADWORDS_20150317_000823	{memo X}	쒸이발				
BADWORDS_20150317_000824	{memo X}	쒸이방				
BADWORDS_20150317_000825	{memo X}	쒸이밸				
BADWORDS_20150317_000826	{memo X}	쒸이벌				
BADWORDS_20150317_000827	{memo X}	쒸이부				
BADWORDS_20150317_000828	{memo X}	쒸이불				
BADWORDS_20150317_000829	{memo X}	쒸이붕				
BADWORDS_20150317_000830	{memo X}	쒸이빡				
BADWORDS_20150317_000831	{memo X}	쒸이빨				
BADWORDS_20150317_000832	{memo X}	쒸이팔				
BADWORDS_20150317_000833	{memo X}	쒸이펄				
BADWORDS_20150317_000834	{memo X}	쒸이풀				
BADWORDS_20150317_000835	{memo X}	쒸팔				
BADWORDS_20150317_000836	{memo X}	쒸펄				
BADWORDS_20150317_000837	{memo X}	쒸풀				
BADWORDS_20150317_000838	{memo X}	쓉쎄끼				
BADWORDS_20150317_000839	{memo X}	쓋파라				
BADWORDS_20150317_000840	{memo X}	쓰바				
BADWORDS_20150317_000841	{memo X}	쓰발				
BADWORDS_20150317_000842	{memo X}	쓰방				
BADWORDS_20150317_000843	{memo X}	쓰밸				
BADWORDS_20150317_000844	{memo X}	쓰벌				
BADWORDS_20150317_000845	{memo X}	쓰봉				
BADWORDS_20150317_000846	{memo X}	쓰부				
BADWORDS_20150317_000847	{memo X}	쓰불				
BADWORDS_20150317_000848	{memo X}	쓰붕				
BADWORDS_20150317_000849	{memo X}	쓰빡				
BADWORDS_20150317_000850	{memo X}	쓰으방				
BADWORDS_20150317_000851	{memo X}	쓰으벌				
BADWORDS_20150317_000852	{memo X}	쓰이바				
BADWORDS_20150317_000853	{memo X}	쓰이발				
BADWORDS_20150317_000854	{memo X}	쓰이방				
BADWORDS_20150317_000855	{memo X}	쓰이밸				
BADWORDS_20150317_000856	{memo X}	쓰이벌				
BADWORDS_20150317_000857	{memo X}	쓰이부				
BADWORDS_20150317_000858	{memo X}	쓰이불				
BADWORDS_20150317_000859	{memo X}	쓰이붕				
BADWORDS_20150317_000860	{memo X}	쓰이빡				
BADWORDS_20150317_000861	{memo X}	쓰이팔				
BADWORDS_20150317_000862	{memo X}	쓰이펄				
BADWORDS_20150317_000863	{memo X}	쓰이풀				
BADWORDS_20150317_000864	{memo X}	쓰팍				
BADWORDS_20150317_000865	{memo X}	쓰팔				
BADWORDS_20150317_000866	{memo X}	쓰펄				
BADWORDS_20150317_000867	{memo X}	쓰풀				
BADWORDS_20150317_000868	{memo X}	씁새끼				
BADWORDS_20150317_000869	{memo X}	씁알				
BADWORDS_20150317_000870	{memo X}	씌발				
BADWORDS_20150317_000871	{memo X}	씌방				
BADWORDS_20150317_000872	{memo X}	씌벌				
BADWORDS_20150317_000873	{memo X}	씌팔				
BADWORDS_20150317_000874	{memo X}	씝				
BADWORDS_20150317_000875	{memo X}	씝알				
BADWORDS_20150317_000876	{memo X}	씝알놈				
BADWORDS_20150317_000877	{memo X}	씝탱				
BADWORDS_20150317_000878	{memo X}	씝할				
BADWORDS_20150317_000879	{memo X}	씞				
BADWORDS_20150317_000880	{memo X}	씨8				
BADWORDS_20150317_000881	{memo X}	씨꽈랄				
BADWORDS_20150317_000882	{memo X}	씨끼				
BADWORDS_20150317_000883	{memo X}	씨끼씨펄				
BADWORDS_20150317_000884	{memo X}	씨댕				
BADWORDS_20150317_000885	{memo X}	씨뎅				
BADWORDS_20150317_000886	{memo X}	씨바				
BADWORDS_20150317_000887	{memo X}	씨박새끼				
BADWORDS_20150317_000888	{memo X}	씨발넘				
BADWORDS_20150317_000889	{memo X}	씨발년				
BADWORDS_20150317_000890	{memo X}	씨발놈				
BADWORDS_20150317_000891	{memo X}	씨발놈아				
BADWORDS_20150317_000892	{memo X}	씨밸놈				
BADWORDS_20150317_000893	{memo X}	씨뱅				
BADWORDS_20150317_000894	{memo X}	씨뱅놈				
BADWORDS_20150317_000895	{memo X}	씨뱅아				
BADWORDS_20150317_000896	{memo X}	씨벌				
BADWORDS_20150317_000897	{memo X}	씨봉알				
BADWORDS_20150317_000898	{memo X}	씨부				
BADWORDS_20150317_000899	{memo X}	씨부랄				
BADWORDS_20150317_000900	{memo X}	씨부럴				
BADWORDS_20150317_000901	{memo X}	씨부렁				
BADWORDS_20150317_000902	{memo X}	씨부리				
BADWORDS_20150317_000903	{memo X}	씨불				
BADWORDS_20150317_000904	{memo X}	씨붕				
BADWORDS_20150317_000905	{memo X}	씨브랄				
BADWORDS_20150317_000906	{memo X}	씨빠				
BADWORDS_20150317_000907	{memo X}	씨뽀랄				
BADWORDS_20150317_000908	{memo X}	씨이바				
BADWORDS_20150317_000909	{memo X}	씨이발				
BADWORDS_20150317_000910	{memo X}	씨이방				
BADWORDS_20150317_000911	{memo X}	씨이밸				
BADWORDS_20150317_000912	{memo X}	씨이벌				
BADWORDS_20150317_000913	{memo X}	씨이부				
BADWORDS_20150317_000914	{memo X}	씨이불				
BADWORDS_20150317_000915	{memo X}	씨이붕				
BADWORDS_20150317_000916	{memo X}	씨이빡				
BADWORDS_20150317_000917	{memo X}	씨이빨				
BADWORDS_20150317_000918	{memo X}	씨이팔				
BADWORDS_20150317_000919	{memo X}	씨이펄				
BADWORDS_20150317_000920	{memo X}	씨이풀				
BADWORDS_20150317_000921	{memo X}	씨키				
BADWORDS_20150317_000922	{memo X}	씨파				
BADWORDS_20150317_000923	{memo X}	씨팍				
BADWORDS_20150317_000924	{memo X}	씨팔				
BADWORDS_20150317_000925	{memo X}	씨펄				
BADWORDS_20150317_000926	{memo X}	씨풀				
BADWORDS_20150317_000927	{memo X}	씹갓길				
BADWORDS_20150317_000928	{memo X}	씹딱꿍				
BADWORDS_20150317_000929	{memo X}	씹물				
BADWORDS_20150317_000930	{memo X}	씹보지				
BADWORDS_20150317_000931	{memo X}	씹보지년				
BADWORDS_20150317_000932	{memo X}	씹빡				
BADWORDS_20150317_000933	{memo X}	씹새캬				
BADWORDS_20150317_000934	{memo X}	씹샛길				
BADWORDS_20150317_000935	{memo X}	씹생알				
BADWORDS_20150317_000936	{memo X}	씹세				
BADWORDS_20150317_000937	{memo X}	씹세이				
BADWORDS_20150317_000938	{memo X}	씹셋나루				
BADWORDS_20150317_000939	{memo X}	씹쌔				
BADWORDS_20150317_000940	{memo X}	씹쌔기				
BADWORDS_20150317_000941	{memo X}	씹자지년				
BADWORDS_20150317_000942	{memo X}	씹질				
BADWORDS_20150317_000943	{memo X}	씹탱구리				
BADWORDS_20150317_000944	{memo X}	씺				
BADWORDS_20150317_000945	{memo X}	씻퐁				
BADWORDS_20150317_000946	{memo X}	ㅇㅐ자				
BADWORDS_20150317_000947	{memo X}	아가리				
BADWORDS_20150317_000948	{memo X}	아갈이				
BADWORDS_20150317_000949	{memo X}	아갈통				
BADWORDS_20150317_000950	{memo X}	아햏햏				
BADWORDS_20150317_000951	{memo X}	애날				
BADWORDS_20150317_000952	{memo X}	애미				
BADWORDS_20150317_000953	{memo X}	애비				
BADWORDS_20150317_000954	{memo X}	앵벌이				
BADWORDS_20150317_000955	{memo X}	야사				
BADWORDS_20150317_000956	{memo X}	야설				
BADWORDS_20150317_000957	{memo X}	야오이				
BADWORDS_20150317_000958	{memo X}	에미				
BADWORDS_20150317_000959	{memo X}	오라질				
BADWORDS_20150317_000960	{memo X}	오입				
BADWORDS_20150317_000961	{memo X}	올가슴				
BADWORDS_20150317_000962	{memo X}	육구				
BADWORDS_20150317_000963	{memo X}	음순				
BADWORDS_20150317_000964	{memo X}	ㅈㅏ지				
BADWORDS_20150317_000965	{memo X}	ㅈㅣ럴				
BADWORDS_20150317_000966	{memo X}	ㅈl랄				
BADWORDS_20150317_000967	{memo X}	자ㅈㅣ				
BADWORDS_20150317_000968	{memo X}	자ji				
BADWORDS_20150317_000969	{memo X}	잡넘				
BADWORDS_20150317_000970	{memo X}	잡년				
BADWORDS_20150317_000971	{memo X}	잡놈				
BADWORDS_20150317_000972	{memo X}	잡뇬				
BADWORDS_20150317_000973	{memo X}	젖빠지게				
BADWORDS_20150317_000974	{memo X}	젖소부인				
BADWORDS_20150317_000975	{memo X}	조까라				
BADWORDS_20150317_000976	{memo X}	조루				
BADWORDS_20150317_000977	{memo X}	조빠				
BADWORDS_20150317_000978	{memo X}	조빠지게				
BADWORDS_20150317_000979	{memo X}	조쟁이				
BADWORDS_20150317_000980	{memo X}	조지냐				
BADWORDS_20150317_000981	{memo X}	조진다				
BADWORDS_20150317_000982	{memo X}	조질래				
BADWORDS_20150317_000983	{memo X}	족딸				
BADWORDS_20150317_000984	{memo X}	족밥				
BADWORDS_20150317_000985	{memo X}	존나				
BADWORDS_20150317_000986	{memo X}	존나게				
BADWORDS_20150317_000987	{memo X}	존니				
BADWORDS_20150317_000988	{memo X}	존마난				
BADWORDS_20150317_000989	{memo X}	존만한				
BADWORDS_20150317_000990	{memo X}	존물				
BADWORDS_20150317_000991	{memo X}	졸라				
BADWORDS_20150317_000992	{memo X}	졸라게				
BADWORDS_20150317_000993	{memo X}	좁년				
BADWORDS_20150317_000994	{memo X}	좃				
BADWORDS_20150317_000995	{memo X}	좃까라				
BADWORDS_20150317_000996	{memo X}	좃마난				
BADWORDS_20150317_000997	{memo X}	좃만이				
BADWORDS_20150317_000998	{memo X}	좃만한				
BADWORDS_20150317_000999	{memo X}	좃빠지게				
BADWORDS_20150317_001000	{memo X}	좃이나				
BADWORDS_20150317_001001	{memo X}	좆같다				
BADWORDS_20150317_001002	{memo X}	좆같아				
BADWORDS_20150317_001003	{memo X}	좆구녕				
BADWORDS_20150317_001004	{memo X}	좆까라				
BADWORDS_20150317_001005	{memo X}	좆꼴려				
BADWORDS_20150317_001006	{memo X}	좆꼴리				
BADWORDS_20150317_001007	{memo X}	좆나				
BADWORDS_20150317_001008	{memo X}	좆나게				
BADWORDS_20150317_001009	{memo X}	좆대가리				
BADWORDS_20150317_001010	{memo X}	좆대에				
BADWORDS_20150317_001011	{memo X}	좆도				
BADWORDS_20150317_001012	{memo X}	좆마난				
BADWORDS_20150317_001013	{memo X}	좆만한				
BADWORDS_20150317_001014	{memo X}	좆물				
BADWORDS_20150317_001015	{memo X}	좆비비				
BADWORDS_20150317_001016	{memo X}	좆빠				
BADWORDS_20150317_001017	{memo X}	좆빠지게				
BADWORDS_20150317_001018	{memo X}	좆빨이				
BADWORDS_20150317_001019	{memo X}	좆쑤시				
BADWORDS_20150317_001020	{memo X}	좆터래길				
BADWORDS_20150317_001021	{memo X}	좆헛물				
BADWORDS_20150317_001022	{memo X}	좇나				
BADWORDS_20150317_001023	{memo X}	좉나				
BADWORDS_20150317_001024	{memo X}	죤나				
BADWORDS_20150317_001025	{memo X}	죤니				
BADWORDS_20150317_001026	{memo X}	죤만년				
BADWORDS_20150317_001027	{memo X}	죤만놈				
BADWORDS_20150317_001028	{memo X}	죨니				
BADWORDS_20150317_001029	{memo X}	죨라				
BADWORDS_20150317_001030	{memo X}	죨리				
BADWORDS_20150317_001031	{memo X}	죳나				
BADWORDS_20150317_001032	{memo X}	죶나				
BADWORDS_20150317_001033	{memo X}	죶니				
BADWORDS_20150317_001034	{memo X}	죶댓까면서				
BADWORDS_20150317_001035	{memo X}	죶마난				
BADWORDS_20150317_001036	{memo X}	죶빠지게				
BADWORDS_20150317_001037	{memo X}	죷맹구				
BADWORDS_20150317_001038	{memo X}	주둥아리				
BADWORDS_20150317_001039	{memo X}	주둥이				
BADWORDS_20150317_001040	{memo X}	주민등록번호생성기				
BADWORDS_20150317_001041	{memo X}	주민등록생성기				
BADWORDS_20150317_001042	{memo X}	죽이는동영상				
BADWORDS_20150317_001043	{memo X}	쥐랄				
BADWORDS_20150317_001044	{memo X}	쥐럴				
BADWORDS_20150317_001045	{memo X}	쥐롤				
BADWORDS_20150317_001046	{memo X}	쥐뢀				
BADWORDS_20150317_001047	{memo X}	즉발				
BADWORDS_20150317_001048	{memo X}	즐길녀				
BADWORDS_20150317_001049	{memo X}	즤랄				
BADWORDS_20150317_001050	{memo X}	즤랄떠냐				
BADWORDS_20150317_001051	{memo X}	지랄				
BADWORDS_20150317_001052	{memo X}	지랄이				
BADWORDS_20150317_001053	{memo X}	지랄하				
BADWORDS_20150317_001054	{memo X}	지랄하는				
BADWORDS_20150317_001055	{memo X}	지랄해				
BADWORDS_20150317_001056	{memo X}	지럴				
BADWORDS_20150317_001057	{memo X}	지롤				
BADWORDS_20150317_001058	{memo X}	지미랄				
BADWORDS_20150317_001059	{memo X}	지미럴				
BADWORDS_20150317_001060	{memo X}	지좆				
BADWORDS_20150317_001061	{memo X}	질알				
BADWORDS_20150317_001062	{memo X}	질질싸				
BADWORDS_20150317_001063	{memo X}	짬쥐				
BADWORDS_20150317_001064	{memo X}	짬지				
BADWORDS_20150317_001065	{memo X}	쪼갈				
BADWORDS_20150317_001066	{memo X}	쪼까튼				
BADWORDS_20150317_001067	{memo X}	쫀나				
BADWORDS_20150317_001068	{memo X}	쫃갇네				
BADWORDS_20150317_001069	{memo X}	쫃같네				
BADWORDS_20150317_001070	{memo X}	쫍밥				
BADWORDS_20150317_001071	{memo X}	쫒같				
BADWORDS_20150317_001072	{memo X}	쯰랄				
BADWORDS_20150317_001073	{memo X}	쯰롤				
BADWORDS_20150317_001074	{memo X}	찌랄				
BADWORDS_20150317_001075	{memo X}	찌랄이				
BADWORDS_20150317_001076	{memo X}	찌럴				
BADWORDS_20150317_001077	{memo X}	찌롤				
BADWORDS_20150317_001078	{memo X}	찌찌				
BADWORDS_20150317_001079	{memo X}	창남				
BADWORDS_20150317_001080	{memo X}	창녀촌				
BADWORDS_20150317_001081	{memo X}	첫경험				
BADWORDS_20150317_001082	{memo X}	첫날밤하는거				
BADWORDS_20150317_001083	{memo X}	체벌				
BADWORDS_20150317_001084	{memo X}	컴색				
BADWORDS_20150317_001085	{memo X}	컴쎅				
BADWORDS_20150317_001086	{memo X}	컴s				
BADWORDS_20150317_001087	{memo X}	컴x				
BADWORDS_20150317_001088	{memo X}	코카인				
BADWORDS_20150317_001089	{memo X}	탱구리				
BADWORDS_20150317_001090	{memo X}	펠라치오				
BADWORDS_20150317_001091	{memo X}	폰녀구함				
BADWORDS_20150317_001092	{memo X}	폰떽				
BADWORDS_20150317_001093	{memo X}	폰번호				
BADWORDS_20150317_001094	{memo X}	폰팅				
BADWORDS_20150317_001095	{memo X}	폰s				
BADWORDS_20150317_001096	{memo X}	폰x				
BADWORDS_20150317_001097	{memo X}	하고픈녀				
BADWORDS_20150317_001098	{memo X}	핥아줌				
BADWORDS_20150317_001099	{memo X}	핸타이				
BADWORDS_20150317_001100	{memo X}	허뎝				
BADWORDS_20150317_001101	{memo X}	허벌				
BADWORDS_20150317_001102	{memo X}	허벌창				
BADWORDS_20150317_001103	{memo X}	헤로인				
BADWORDS_20150317_001104	{memo X}	헨타이				
BADWORDS_20150317_001105	{memo X}	헴타이				
BADWORDS_20150317_001106	{memo X}	호냥년				
BADWORDS_20150317_001107	{memo X}	호로				
BADWORDS_20150317_001108	{memo X}	호로년				
BADWORDS_20150317_001109	{memo X}	호로뇬				
BADWORDS_20150317_001110	{memo X}	호로새리				
BADWORDS_20150317_001111	{memo X}	호로색끼				
BADWORDS_20150317_001112	{memo X}	호로자슥				
BADWORDS_20150317_001113	{memo X}	호모섹기				
BADWORDS_20150317_001114	{memo X}	호모쎄끼				
BADWORDS_20150317_001115	{memo X}	호봉세씨				
BADWORDS_20150317_001116	{memo X}	호봉쎄끼				
BADWORDS_20150317_001117	{memo X}	호봉쒜리				
BADWORDS_20150317_001118	{memo X}	호빠				
BADWORDS_20150317_001119	{memo X}	호스테스				
BADWORDS_20150317_001120	{memo X}	호스트바				
BADWORDS_20150317_001121	{memo X}	호스트빠				
BADWORDS_20150317_001122	{memo X}	호스티스				
BADWORDS_20150317_001123	{memo X}	호양년				
BADWORDS_20150317_001124	{memo X}	호테스바				
BADWORDS_20150317_001125	{memo X}	호테스빠				
BADWORDS_20150317_001126	{memo X}	혼음				
BADWORDS_20150317_001127	{memo X}	혼탕				
BADWORDS_20150317_001128	{memo X}	화냥				
BADWORDS_20150317_001129	{memo X}	화양				
BADWORDS_20150317_001130	{memo X}	화양년				
BADWORDS_20150317_001131	{memo X}	후까시				
BADWORDS_20150317_001132	{memo X}	후라질				
BADWORDS_20150317_001133	{memo X}	후래아				
BADWORDS_20150317_001134	{memo X}	후래자식				
BADWORDS_20150317_001135	{memo X}	후러덜넘				
BADWORDS_20150317_001136	{memo X}	후레야				
BADWORDS_20150317_001137	{memo X}	후레자식				
BADWORDS_20150317_001138	{memo X}	흥분제				
BADWORDS_20150317_001139	{memo X}	히로뽕				
BADWORDS_20150317_001140	{memo X}	ac발				
BADWORDS_20150317_001141	{memo X}	g랄				
BADWORDS_20150317_001142	{memo X}	r녀				
BADWORDS_20150317_001143	{memo X}	x녀				
BADWORDS_20150317_001144	{memo X}	x물				
BADWORDS_20150317_001145	{memo X}	x지				
BADWORDS_20150317_001146	{memo X}	x터시				
BADWORDS_20150317_001147	{memo X}	x털				
BADWORDS_20150317_001148	{memo X}	x한				
BADWORDS_20150317_001149	{memo X}	x할				
BADWORDS_20150317_001150	{memo X}	ya설				
BADWORDS_20150317_001151	{memo X}	ya한				
BADWORDS_20150317_001152	{memo X}	볍신				
BADWORDS_20150317_001153	{memo X}	볍진				
BADWORDS_20150317_001154	{memo X}	병진새				
BADWORDS_20150317_001155	{memo X}	병진쉐				
BADWORDS_20150317_001156	{memo X}	시1발				
BADWORDS_20150317_001157	{memo X}	씨1발				
BADWORDS_20150317_001158	{memo X}	존1나				
BADWORDS_20150317_001159	{memo X}	병1신				
BADWORDS_20150317_001160	{memo X}	된장년				
BADWORDS_20150317_001161	{memo X}	김치년				
BADWORDS_20150317_001162	{memo X}	보슬년				
BADWORDS_20150317_001163	{memo X}	보슬아치				
