UI_20150317_000001	{@st41b}Aprender Atributos{nl}dos Mestres de cada classe.{/}
UI_20150317_000002	{@st43}Lista de Atributos {/}
UI_20150317_000003	{@st59}Fechar Lista de Atributos {/}
UI_20150317_000004	{@st43}Aprender Atributos{/}
UI_20150317_000005	{@st59}Fechar Atributos{/}
UI_20150317_000006	{@st41b}Capital{/}
UI_20150317_000007	Minhas Conquistas
UI_20150317_000008	Classificação do Servidor
UI_20150317_000009	{@st59}Um evento inesperado está disponível.{/}
UI_20150317_000010	{@st59}Tem uma nova mensagem de Ajuda{/}
UI_20150317_000011	{@st41}Você quer mesmo confeccionar esse tipo de flecha?{/}
UI_20150317_000012	{@st41b}Uma vez{/}
UI_20150317_000013	{@st41b}Tudo{/}
UI_20150317_000014	{@st41b}Pausar{/}
UI_20150317_000015	{@st43}Diário de Aventura{/}
UI_20150317_000016	{@st43}Casa de Leilões{/}
UI_20150317_000017	{@st59}Fechar Casa de Leilões{/}
UI_20150317_000018	{memo X}{@st41b}Itens Vendidos: ×%s, Itens Não Vendidos:
UI_20150317_000019	{@st43}{s22}Leilão de Item{/}
UI_20150317_000020	{@st59}Fechar Informações da Quest{/}
UI_20150317_000021	Avaliar
UI_20150317_000022	{@st41b}Tempo Restante
UI_20150317_000023	3 horas 16 minutos
UI_20150317_000024	{@st41b}Preço Inicial
UI_20150317_000025	{@st41b}Lances
UI_20150317_000026	{@st41b}Preço Atual
UI_20150317_000027	{@st41b}Preço do Lance
UI_20150317_000028	{@st41b}Preço Mínimo do Lance {@st57}%s{@st41b}de prata{/}
UI_20150317_000029	{@st41b}Lance{/}
UI_20150317_000030	{@st43b}Comprar Já!{nl}{img icon_item_silver 20 20}{@st57}%s{/}
UI_20150317_000031	{@st44}Configurações de Autorização{/}
UI_20150317_000032	{@st45}Nome: %s{/}
UI_20150317_000033	{@st45}Depósito do Grupo{/}
UI_20150317_000034	{@st49}Nada
UI_20150317_000035	{@st49}Armazenar
UI_20150317_000036	{@st49}Repor
UI_20150317_000037	{@st45}Avaliar{/}
UI_20150317_000038	{@st49}Criar
UI_20150317_000039	{@st49}Excluir
UI_20150317_000040	{@st44}Salvar{/}
UI_20150317_000041	{@st44}Cancelar{/}
UI_20150317_000042	{@st43}{s22}Loja de Cabelo{/}
UI_20150317_000043	{@st59}Penteado Anterior{/}
UI_20150317_000044	{@st59}Próximo penteado{/}
UI_20150317_000045	{@st41b} Mudar {s18} (requer 100 iCoins) {/}
UI_20150317_000046	{@st59}Mudar para penteado selecionado.{/}
UI_20150317_000047	{@st41}Cancelar
UI_20150317_000048	{@st43}Mercado Negro{/}
UI_20150317_000049	Nome do Livro
UI_20150317_000050	{@St59}Parar leitura{/}
UI_20150317_000051	{@st59}Página Anterior{/}
UI_20150317_000052	{@st59}Próxima Página{/}
UI_20150317_000053	{@st47}%s apareceu!
UI_20150317_000054	{@st43}Pontuação{/}
UI_20150317_000055	Dano Recebido
UI_20150317_000056	Bônus de Técnica
UI_20150317_000057	Bônus de Evasão
UI_20150317_000058	Remover Tempo
UI_20150317_000059	Pontuação Total
UI_20150317_000060	{@st42}Tempo Transcorrido
UI_20150317_000061	10 minutos
UI_20150317_000062	10 segundos
UI_20150317_000063	{memo X}{@st44}Concluir
UI_20150317_000064	{@st59}Fechar Vendedora Automática{/}
UI_20150317_000065	{@st43}Vendedora Automática de Bônus
UI_20150317_000066	Nome da Vendedora Automática
UI_20150317_000067	{memo X}{@st43}Registrar
UI_20150317_000068	{memo X}{@st43}Cancelar
UI_20150317_000069	Vendedora Automática de Bônus
UI_20150317_000070	{@st59}Fechar a Vendedora Automática de Bônus.
UI_20150317_000071	{@st59}Vendedora Automática de Bônus{nl} - Você gasta prata para receber bônus de outro jogador.
UI_20150317_000072	Menu de Transporte
UI_20150317_000073	{ol}{s22}Desembarcar{/}
UI_20150317_000074	Invocar
UI_20150317_000075	{@st43}Configurações do Jogo{/}
UI_20150317_000076	{@st64}Use as teclas direcionais para selecionar uma célula!
UI_20150317_000077	{@st43}Informações de Progresso {/}
UI_20150317_000078	{@st43}Selecionar Classe
UI_20150317_000079	Psiônico
UI_20150317_000080	{@st42}%s Círculo {/}
UI_20150317_000081	Quantos círculos
UI_20150317_000082	Exibe uma descrição resumida da classe.
UI_20150317_000083	{memo X}{@st41b}Ataque {@sti7}%s{/}
UI_20150317_000084	{memo X}{@st41b}Apoio {@sti7}%s{/}
UI_20150317_000085	{memo X}{@st41b}Dificuldade{@sti7}%s{/}
UI_20150317_000086	{@st59}Fechar Informações da Classe{/}
UI_20150317_000087	Alerta de Progresso
UI_20150317_000088	{@st43} Progresso
UI_20150317_000089	{@sti7}{s14} Personagem {/}
UI_20150317_000090	{@sti8}{s14} Classe {/}
UI_20150317_000091	{@st44}Chat{/}
UI_20150317_000092	Para: WWWWWWWW e 1 outro
UI_20150317_000093	{memo X}Geral: /s chat {nl} Discussão: /y chat {nl} Grupo: /p chat{nl} Fofoca: /w chat de nome de usuário do personagem
UI_20150317_000094	{@st41}Chat Geral{/}
UI_20150317_000095	{@59}Sair{/}
UI_20150317_000096	{@59}Convidar{/}
UI_20150317_000097	{@st59}Tudo{/}
UI_20150317_000098	{@st59}Geral (/s chat){/}
UI_20150317_000099	{@st59}Discussão (/y chat){/}
UI_20150317_000100	{@st59}Grupo (/p chat){/}
UI_20150317_000101	{@st59}Fofoca (/w chat do nome da equipe){/}
UI_20150317_000102	{@st59}Ajustar Janela de Chat{/}
UI_20150317_000103	{@st43}{s22}Macro de Chat{/}
UI_20150317_000104	{@st43}Macro{/}
UI_20150317_000105	{@st59b}Macro {nl} {@st59s} - Como usar: {nl} 1. Arraste o ícone de gesticulação para qualquer espaço de gesticulação na parte de baixo. {nl} 2. Escreva a frase e salve. {nl} 3. Use a tecla de atalho para usar simultaneamente a frase e fazer a gesticulação. {/}
UI_20150317_000106	{@st59}Fechar Macro{/}
UI_20150317_000107	{@st41b}Salvar {/}
UI_20150317_000108	{@st59}Salvar alterações{/}
UI_20150317_000109	{@st41b}Cancelar {/}
UI_20150317_000110	{@st59}Cancelar alterações{/}
UI_20150317_000111	{@st42}Configurações de Chat 
UI_20150317_000112	{@st42}Transparência
UI_20150317_000113	Mostrar balão de chat
UI_20150317_000114	Mostrar discussões na parte de cima
UI_20150317_000115	{@st43}Lista de Trapaças{/}
UI_20150317_000116	{memo X}{@st42b}Item{/}
UI_20150317_000117	{memo X}{@st42b}Monstro{/}
UI_20150317_000118	{memo X}{@st42b}Mover mapa{/}
UI_20150317_000119	{memo X}{@st42b}Ordem de Combate{/}
UI_20150317_000120	{@st41b}Fechar{/}
UI_20150317_000121	{s16}{b}Criar itens clicando no botão Criar ou clicando duas vezes.
UI_20150317_000122	{memo X}{s16}{b}ea
UI_20150317_000123	{memo X}{s16}{b}Nv
UI_20150317_000124	{@st41b}Procurar{/}
UI_20150317_000125	{s16}{b}Invocar monstros clicando no botão Criar ou clicando duas vezes.
UI_20150317_000126	{memo X}{s16}{b}ea
UI_20150317_000127	{s16}{b}Selecionar uma área desejada.
UI_20150317_000128	{s18}{b}Exibir Minimapa{/}
UI_20150317_000129	{@st41b}Lista de Ferramentas{/}
UI_20150317_000130	{@st59b}Coleção {nl}{@st59s}- Compre o Deck de Coleção para adicionar os itens colecionáveis à sua coleção. {nl} - A tecla de atalho de coleção será ativada ao usar o Item do Deck de Coleção. {nl} {/}
UI_20150317_000131	{@st59}Fechar Informações da Coleção{/}
UI_20150317_000132	{@st43}Coleção{/}
UI_20150317_000133	{@st43}Spray de Cor{/}
UI_20150317_000134	{@st49}Spray de Cor{/}
UI_20150317_000135	{@st49}Cor{/}
UI_20150317_000136	{@st49}Restante{/}
UI_20150317_000137	{@st49}Pincel{/}
UI_20150317_000138	{@st49}{a END_EDIT_SPRAY}Desenhar{/}{/}
UI_20150317_000139	{@st49}{a SAVE_EDIT_SPRAY}Salvar{/}{/}
UI_20150317_000140	{@st49}{a LOAD_EDIT_SPRAY}Importar{/}{/}
UI_20150317_000141	{@st49}Fechar{/}
UI_20150317_000142	{@st43} Adoção de Companheiro
UI_20150317_000143	{@st59} Digite o nome do Companheiro recém-adotado {/}
UI_20150317_000144	{@st41b}Nome{/}
UI_20150317_000145	{@st41b}Preço %s{/}
UI_20150317_000146	{@st59}Fechar Adoção de Companheiro {/}
UI_20150317_000147	{@st41b}Adotar
UI_20150317_000148	{@st59}Confirmar adoção {/}
UI_20150317_000149	{@st43}Loja de Companheiro
UI_20150317_000150	{@st59}Fechar a Loja de Companheiro{/}
UI_20150317_000151	{@st43}Outras Info. de Personagem{/}{@st42}
UI_20150317_000152	{@st59}Fechar Informações do Personagem{/}
UI_20150317_000153	{@st41b}Informações
UI_20150317_000154	{@st41b}Registro
UI_20150317_000155	Nome da Equipe
UI_20150317_000156	Nome do Personagem
UI_20150317_000157	Círculo {#ffff00}%s{/} %s Nv {#ffff00}%s{/}
UI_20150317_000158	Guerreiro
UI_20150317_000159	{memo X}Índice de Aventura {#ffff00}%s{/} (Classificação{#ffff00}%s{/}/%s)
UI_20150317_000160	Índice de Aventura {#ffff00}%s{/} ({#ffff00}Sem classificação{/})
UI_20150317_000161	Total de Conquistas: {#ffff00}%s{/}
UI_20150317_000162	Configurações
UI_20150317_000163	Remova o título da guia para excluí-la.
UI_20150317_000164	{@st49}Tudo{/}
UI_20150317_000165	{@st49}Sistema{/}
UI_20150317_000166	{@st49}Falar{/}
UI_20150317_000167	{@st49}Lutar{/}
UI_20150317_000168	{@st49}Item{/}
UI_20150317_000169	{@st43}Créditos{/}
UI_20150317_000170	{memo X}{@st43}Configurações de Travar-Alvo {/}
UI_20150317_000171	Nome de NPC
UI_20150317_000172	Comparação
UI_20150317_000173	Ilustração
UI_20150317_000174	Selecionar conversa
UI_20150317_000175	Ajuda de Texto
UI_20150317_000176	{@st41}Confecção de Item{/}
UI_20150317_000177	{@st45tw2}Confecção do item...
UI_20150317_000178	%r segundos
UI_20150317_000179	{@st41}Cancelar{/}
UI_20150317_000180	{@st45tw2}Quantidade{/}
UI_20150317_000181	{@st45tw2}Você quer confeccionar esse item?
UI_20150317_000182	{@st41}Confirmar{/}
UI_20150317_000183	Informações da Quest
UI_20150317_000184	{@st59}Cancelar Negociação{/}
UI_20150317_000185	{@st43}Negociação Pessoal{/}
UI_20150317_000186	Minha Lista de Negociações
UI_20150317_000187	Prata: %s
UI_20150317_000188	{memo X}Entrar
UI_20150317_000189	{@st41}Aceitar
UI_20150317_000190	{@st41}Confirmar
UI_20150317_000191	Lista de Negociações do Outro Jogador(%s)
UI_20150317_000192	Nome do Outro Jogador
UI_20150317_000193	{s18}{ol} {gr gradation1}Evento de Campo{/}
UI_20150317_000194	{s20}{ol}Derrote a Tribo Vubbe! Você quer participar?
UI_20150317_000195	{s20}{ol}%s Você quer participar?
UI_20150317_000196	{s20}{ol}Participantes: (1/5)
UI_20150317_000197	{s20}{ol}Participantes: (%s/%s)
UI_20150317_000198	{s20}{ol}O jogo vai começar em 1 segundo.
UI_20150317_000199	{s20}{ol}O jogo vai começar em %s segundos.
UI_20150317_000200	Não mostrar mais isso hoje.
UI_20150317_000201	Não mostrar Eventos de Campo.
UI_20150317_000202	Participar do Jogo
UI_20150317_000203	Iniciar um jogo com outros jogadores.
UI_20150317_000204	Recusar convite de jogo.
UI_20150317_000205	Pré-ajustes de Spray
UI_20150317_000206	{@st49}Selecionar{/}
UI_20150317_000207	{@st49}Cancelar{/}
UI_20150317_000208	{@st49}Excluir{/}
UI_20150317_000209	Digite o nome de arquivo para salvar.
UI_20150317_000210	{@st43}Amigos
UI_20150317_000211	{@st59}Fechar Lista de Amigos{/}
UI_20150317_000212	{@st59b}Amigo{nl}{@st59s} - Fazer amizade com outros jogadores. {nl} - Você pode conferir a situação dos amigos na guia Lista de Amigos. {nl} - Na guia Gerenciar, você pode convidar, recusar ou bloquear amigos. {/}
UI_20150317_000213	{@st41b}Mostrar amigos online{/}
UI_20150317_000214	{@st41b}Lista
UI_20150317_000215	{@st41b}Gerenciar
UI_20150317_000216	{@st41b}Enviar Solicitação de Amizade
UI_20150317_000217	{@st41b}Bloquear
UI_20150317_000218	{@st59}Procurar{/}
UI_20150317_000219	{@st44}Guilda{/}
UI_20150317_000220	Guilda
UI_20150317_000221	Lista
UI_20150317_000222	Novidades
UI_20150317_000223	Missão da Guilda
UI_20150317_000224	Integrantes Online
UI_20150317_000225	{@st44}Criar Guilda{/}
UI_20150317_000226	{@st42}Criar{/}
UI_20150317_000227	{@st42}Fechar{/}
UI_20150317_000228	{@st42}Tudo{/}
UI_20150317_000229	{@st42}Classificações do Dia{/}
UI_20150317_000230	{@st42}Classificações da Semana{/}
UI_20150317_000231	{@st56}Classificação {/}
UI_20150317_000232	{@st56}Pontos{/}
UI_20150317_000233	{@st56}Classe{/}
UI_20150317_000234	{@st56}Nome {/}
UI_20150317_000235	Página Anterior
UI_20150317_000236	Próxima Página
UI_20150317_000237	{@st42}Procurar ID{/}
UI_20150317_000238	Digite o ID para procurar
UI_20150317_000239	Fechar o Hall da Fama
UI_20150317_000240	Digite o ID para procurar
UI_20150317_000241	{memo X}{@st59} Vigor {/}
UI_20150317_000242	{@st43}Lista de Ajuda{/}
UI_20150317_000243	{@st59}Fechar Lista de Ajuda{/}
UI_20150317_000244	{@st59b}Lista de Ajuda{nl}{@st59s} - Se precisar de ajuda com qualquer coisa, leia sempre os Tópicos de Ajuda. {nl} - Selecione um tópico para ver mais informações. {/}
UI_20150317_000245	{@st43}{s22}Ajuda{/}
UI_20150317_000246	{@st47_b}{b}Tópicos de Ajuda{/}
UI_20150317_000247	{@st42b}Conteúdo de Ajuda Simples{/}
UI_20150317_000248	{@st59}Exibir detalhes{/}
UI_20150317_000249	Digite a quantidade
UI_20150317_000250	{@st59}Digite o conteúdo{/}
UI_20150317_000251	{@st41b}Confirmar
UI_20150317_000252	{@st59}Confirmar {/}
UI_20150317_000253	{@st41b}Fechar
UI_20150317_000254	{@st59}Cancelar {/}
UI_20150317_000255	{@st43}Teleporte{/}
UI_20150317_000256	{@st59}Fechar Teleporte{/}
UI_20150317_000257	{@st59b}Teleporte{nl}{@st59s} - Permite viajar rapidamente para regiões que você já visitou. {nl} - O recurso é ativado quando 2 ou mais pontos de teleporte estão disponíveis. {nl} {/}
UI_20150317_000258	{@st41}Local Atual: %s{/}
UI_20150317_000259	{@st43}{s22}Teleporte{/}
UI_20150317_000260	{@st41b}Você quer ir para essa área?{/}
UI_20150317_000261	Que tal Siauliai
UI_20150317_000262	Consumo de Moedas: 0
UI_20150317_000263	Introdução
UI_20150317_000264	{@st43}Inventário{/}
UI_20150317_000265	{@st59}Fechar Inventário{/}
UI_20150317_000266	{memo X}{@st59b}Equipamento {nl} {@st59s}- Penteado/Traje: Equipamento para mudar a aparência dos personagens. {nl} - Arma: Pode usar armas de uma ou duas mãos {nl} (pode usar sub-arma/escudo com arma de uma mão) {nl} - Armadura: Parte de Cima, Calças, Luvas, Calçados. {nl} - Acessórios: Pode equipar 1 Colar e 2 Braceletes. {nl} {/}
UI_20150317_000267	{@st59}Espaço de Modelo de Penteado 1{/}
UI_20150317_000268	{@st59}Espaço de Modelo de Penteado 2{/}
UI_20150317_000269	{@st59}Colar{/}
UI_20150317_000270	{@st59}Traje{/}
UI_20150317_000271	{@st59}Parte de Cima{/}
UI_20150317_000272	{@st59}Luvas{/}
UI_20150317_000273	{@st59}Calças{/}
UI_20150317_000274	{@st59}Calçados{/}
UI_20150317_000275	{@st59}Mão Esquerda{/}
UI_20150317_000276	{@st59}Mão Direita{/}
UI_20150317_000277	{@st59}Espaço de Bracelete 1{/}
UI_20150317_000278	{@st59}Espaço de Bracelete 2{/}
UI_20150317_000279	{@st59}Braçadeira{/}
UI_20150317_000280	{@st59}Procurar{/}
UI_20150317_000281	Peso
UI_20150317_000282	{memo X}{@st43}Bônus de Equipamento{/}
UI_20150317_000283	{@st59}Fechar IU de Consertar Item{/}
UI_20150317_000284	{memo X}{@st42}Disponível para Bônus
UI_20150317_000285	{memo X}{@st42}Consome{/}
UI_20150317_000286	{memo X}{@st42}Executar
UI_20150317_000287	{memo X}{@st42}Item Visado{/}
UI_20150317_000288	{@st59}Anel 1{/}
UI_20150317_000289	{@st43}Confecção de Item{/}
UI_20150317_000290	{@st42b}Mostrar apenas itens confeccionáveis{/}
UI_20150317_000291	{@st59}Fechar Confecção de Item {/}
UI_20150317_000292	{@st43}{s22}Dividir Item
UI_20150317_000293	{@st59}Digite a quantidade{/}
UI_20150317_000294	Barra de HP de Monstro
UI_20150317_000295	{@st44}Item de Conjunto adquirido{/}
UI_20150317_000296	Guerreiro do Teclado
UI_20150317_000297	Mortes
UI_20150317_000298	99 minutos 99 segundos
UI_20150317_000299	38.000 pontos
UI_20150317_000300	Poção de Melhoria de Velocidade
UI_20150317_000301	{@st41}Confirmar{/}
UI_20150317_000302	${@st59b} Diário de Aventura {nl}{@st59s}- Seu progresso no jogo é registrado no Diário de Aventura. {nl} - Você pode melhorar seu Índice de Aventura por meio de ações como: obter itens, caçar monstros, confeccionar e explorar o mapa.{nl}    Índice de Aventura: O total de todos os seus índices. {nl}    Desenvolvimento: 5 pontos pelos níveis de personagem e classe {nl}    Itens: Equipamento: categoria X 10 pontos, Livros: 10 pontos, Outros: 1 ponto {nl}    Monstros: 10 pontos por monstro (50 pontos por Monstro Chefe) {nl}    Mapas: 1 ponto por 10% explorado {nl}    Quests: 1 ponto por quest {nl}    Conquistas: Varia pela conquista {nl}    Confecção: 10 pontos {nl}    Coleção: 5 pontos por um deck e 45 pontos ao concluir {nl} - Dependendo do seu Índice de Aventura, você pode receber recompensas especiais de um NPC na cidade. {/}
UI_20150317_000303	{@sti7}{s22}{ds}Conquistas{/}
UI_20150317_000304	{@st42b}{#22FF22} Melhor 10% / %s Pontos{/}
UI_20150317_000305	{@st42b} Média / %s Pontos {/}
UI_20150317_000306	1º / %s Pontos
UI_20150317_000307	Classificação %s
UI_20150317_000308	%s Pontos
UI_20150317_000309	Profissão
UI_20150317_000310	Equipe
UI_20150317_000311	{@st59}Fechar Diário de Aventura{/}
UI_20150317_000312	{@st43}Classificação do Diário de Aventura{/}
UI_20150317_000313	{@st43}{s22}Classificação
UI_20150317_000314	{@st43}{s22}Nome
UI_20150317_000315	{@st43}{s22}Pontuação
UI_20150317_000316	{@st41}Detalhes{/}
UI_20150317_000317	{@st43}Iniciar Confecção{/}
UI_20150317_000318	{@st59}Iniciar confecção de item.{/}
UI_20150317_000319	{@st44}Teclado Numérico{/}
UI_20150317_000320	{@st42}Limite de tempo
UI_20150317_000321	{@st56}Abate{/}
UI_20150317_000322	{@st56}Abate Brutal{/}
UI_20150317_000323	{@st56}Tiro{/}
UI_20150317_000324	{@st56}Morte{/}
UI_20150317_000325	Poder de Feitiço
UI_20150317_000326	Defesa
UI_20150317_000327	Resistência a Magia
UI_20150317_000328	Taxa de Ataque Crítico
UI_20150317_000329	${@st43}Soquete{/}
UI_20150317_000330	{@st59}Fechar Gerenciamento de Soquete{/}
UI_20150317_000331	Insira os itens
UI_20150317_000332	Potencial
UI_20150317_000333	{memo X}Custo de soquete adicional: {#ff9933}%s{/}{nl}Custo de extração de joia: {#ff9933}%s{/}
UI_20150317_000334	{@st41b}Adicionar Soquete
UI_20150317_000335	{@st41b}Extrair Joia
UI_20150317_000336	{@st41}Confeccionar{/}
UI_20150317_000337	{@st41}%s %sea
UI_20150317_000338	Mapa da Área
UI_20150317_000339	{memo X}Área Explorada: 95,5%
UI_20150317_000340	{memo X}{@st45tw}Área Explorada %s% {/}
UI_20150317_000341	{@st59}Fechar mapa (M){/}
UI_20150317_000342	{@st41}Mapa{/}
UI_20150317_000343	Shift(remover), Ctrl(encher metade)
UI_20150317_000344	{ol}Título
UI_20150317_000345	{@st41}Adicionar{/}
UI_20150317_000346	{@st41}Excluir{/}
UI_20150317_000347	{@st41}Salvar{/}
UI_20150317_000348	{@st41}Automático{/}
UI_20150317_000349	{@st41}Restaurar{/}
UI_20150317_000350	{@st59}Definir quantidade.{/}
UI_20150317_000351	{ol}Grupo
UI_20150317_000352	{ol}Mensagem
UI_20150317_000353	{ol}Som
UI_20150317_000354	{@st41}Criar Minimapa{/}
UI_20150317_000355	{@st55}Mapa da Área
UI_20150317_000356	{@st43}{s22}Mercado{/}
UI_20150317_000357	{@st43}{s24}Mercado{/}
UI_20150317_000358	{@st42b}Filtro{/}
UI_20150317_000359	{@st42b}Tipo{/}
UI_20150317_000360	{@st42b}Req. Nv{/}
UI_20150317_000361	{@st42b}Melhorar Nv{/}
UI_20150317_000362	{@st42b}Nome
UI_20150317_000363	{@st41b}Armário de Itens%s
UI_20150317_000364	{@st41b}Vender
UI_20150317_000365	{@st41b}Procurar
UI_20150317_000366	{@st59}Fechar Mercado{/}
UI_20150317_000367	{@st42b}Ordenar
UI_20150317_000368	{@st41b}Itens para Vender
UI_20150317_000369	{@st43}{s22}Armário de Itens
UI_20150317_000370	{@st41b}Receber Tudo
UI_20150317_000371	{@st41b}Receber
UI_20150317_000372	{@st43}{s22}Vender
UI_20150317_000373	{@st42b}Quantidade
UI_20150317_000374	{@st42b}Preço
UI_20150317_000375	{@st42b}Ocultar Nome do Vendedor{/}
UI_20150317_000376	{@st41b}Adicionar
UI_20150317_000377	Moeda Quadrada
UI_20150317_000378	Alguém matou alguém
UI_20150317_000379	{@st43}Minijogos{/}
UI_20150317_000380	{@st49}Disparar Catapulta{/}
UI_20150317_000381	{@st44}Controlar direção{/}
UI_20150317_000382	{@st44}Disparar{/}
UI_20150317_000383	Minijogo
UI_20150317_000384	{s18}{ol}{gr gradation1}Minijogo de esconde-esconde{/}
UI_20150317_000385	{s16}Você quer participar do minijogo?
UI_20150317_000386	{s16}Participantes: (0/5)
UI_20150317_000387	{s16}Participantes: (%s /%s)
UI_20150317_000388	{s16}O jogo vai começar em 1 segundo.
UI_20150317_000389	{s16}O jogo vai começar em %s segundos.
UI_20150317_000390	{@st59}Aproximar{/}
UI_20150317_000391	{@st59}Afastar{/}
UI_20150317_000392	{@st59}Mapa (M){/}
UI_20150317_000393	{@st42b}Mapa da Área
UI_20150317_000394	{@st44}Sintetizador de Item{/}
UI_20150317_000395	{s16}{#FFcc66}{ol}Selecione o item que deseja criar{/}{/}
UI_20150317_000396	{s16}{#FFcc66}{ol}Arraste os ingredientes até os espaços
UI_20150317_000397	{@st42}Criar{/}
UI_20150317_000398	{@st42} Cancelar {/}
UI_20150317_000399	Informações de %s
UI_20150317_000400	Kepa ou ...
UI_20150317_000401	{@st41}{Details}
UI_20150317_000402	{s20}{#050505}Descrição do Monstro Descrição do Monstro Descrição do Monstro Descrição do Monstro
UI_20150317_000403	{@st41} Abate {/}
UI_20150317_000404	{@st41} Abate Brutal {/}
UI_20150317_000405	{@st41} Abate Normal {/}
UI_20150317_000406	{@st41} Área {/}
UI_20150317_000407	{@st41} Item {/}
UI_20150317_000408	{@st41} Conquista {/}
UI_20150317_000409	Objeto
UI_20150317_000410	{@st43}Necronomicon{/}
UI_20150317_000411	{@st59}Fechar IU do Necronomicon{/}
UI_20150317_000412	{memo X}{@st59}Não quero nem pensar.{/}
UI_20150317_000413	Criatura Invocada: {#ffcc33}%s{/}
UI_20150317_000414	{memo X}Morto-Vivo Feliz
UI_20150317_000415	{memo X}Habilidade: %s
UI_20150317_000416	{memo X}Habilidade 1, Habilidade 2
UI_20150317_000417	{memo X}Fragmentos necessários: %s
UI_20150317_000418	{memo X}Animal 60 / Inseto 20/ Mutante 10
UI_20150317_000419	Quantidade de Fragmentos
UI_20150317_000420	{memo X}Pedaços 1
UI_20150317_000421	{memo X}Pedaços 2
UI_20150317_000422	{memo X}Pedaços 3
UI_20150317_000423	Parabéns! Você subiu de nível.
UI_20150317_000424	Alerta de Item
UI_20150317_000425	{@st64}Detalhes{/}
UI_20150317_000426	Como Jogar
UI_20150317_000427	${@st42b}          Mover uma vez com cada uma das teclas{/}
UI_20150317_000428	${@st42b}         Realizar um ataque básico{/}
UI_20150317_000429	${@st42b}                Saltar{/}
UI_20150317_000430	{@st42b}  Pressione 2 teclas direcionais para se mover na diagonal.{/}
UI_20150317_000431	Ferramenta de Mapa de Névoa
UI_20150317_000432	Ferramenta para matar monstros
UI_20150317_000433	Ferramenta para criar um minimapa
UI_20150317_000434	Ferramenta de diálogo
UI_20150317_000435	{@st43}Configurações de GM{/}
UI_20150317_000436	{@st59}Fechar Informações do Grupo{/}
UI_20150317_000437	{@st59b}Informações do Grupo{nl}{@st59s} - Clique no botão Criar Grupo na parte de baixo para iniciar um grupo. {nl} - Clique com o botão direito em outros jogadores pra enviar um convite de grupo. {nl} - Você pode fazer mudanças no grupo acessando a guia Configurações. {nl} - Defina condições específicas de procura para integrantes do grupo na lista de Grupo Público.{/}
UI_20150317_000438	{@st43}Informações do Grupo{/}
UI_20150317_000439	{@st41b}Integrantes{/}
UI_20150317_000440	{@st41b}Evento de Grupo {/}
UI_20150317_000441	{@st41b}Configurações{/}
UI_20150317_000442	{memo X}{@st41}Integrantes{/}
UI_20150317_000443	{memo X}{@st41}Requisitos para participar do grupo
UI_20150317_000444	{memo X}{@st41b}Público
UI_20150317_000445	{memo X}{@st41b}Privado
UI_20150317_000446	{memo X}Nível Necessário ~
UI_20150317_000447	{memo X}{@st41}Distribuição de Espólio
UI_20150317_000448	{memo X}{@st41b}Livre para Todos
UI_20150317_000449	{memo X}{@st41b}Todos contra Todos
UI_20150317_000450	{memo X}{@st41b}Aleatório
UI_20150317_000451	{memo X}{@st41}Distribuição de EXP 
UI_20150317_000452	{memo X}{@st41b}EXP Individual 
UI_20150317_000453	{memo X}{@st41b}EXP Equivalente
UI_20150317_000454	{memo X}{@st41b}Por Nível
UI_20150317_000455	{memo X}{@st41}Quest Compartilhada
UI_20150317_000456	{memo X}{@st41b}Ativada
UI_20150317_000457	{memo X}{@st41b}Desativada
UI_20150317_000458	{@st41b}Criar Grupo
UI_20150317_000459	{@st43}Lista de Grupo Público {/}
UI_20150317_000460	${@st59b}Lista de Grupo Público{nl}{@st59s} - Procure pelo grupo que deseja participar vendo os grupos abertos em seu servidor {nl} - Use a opção Procurar para achar o grupo de sua preferência{/}
UI_20150317_000461	{@st59}Fechar Lista de Grupo{/}
UI_20150317_000462	Usar procurar
UI_20150317_000463	Quest Compartilhada
UI_20150317_000464	Distribuição de EXP 
UI_20150317_000465	Distribuição de Item
UI_20150317_000466	{@st43}Convidar
UI_20150317_000467	{@st41b}Convidar{/}
UI_20150317_000468	{memo X}{s18}{ol}{gr gradation1}Regras de Logout do PC{/}
UI_20150317_000469	{ol}Condições para a aplicação de regras
UI_20150317_000470	{ol}Ação para a aplicação de regras
UI_20150317_000471	Digite o nome da regra
UI_20150317_000472	{Gr gradation1}Registro{/}
UI_20150317_000473	Registrar Regras
UI_20150317_000474	{Gr gradation1}Cancelar{/}
UI_20150317_000475	Cancelar Ação
UI_20150317_000476	{@st43}Info. do Companheiro
UI_20150317_000477	{@st59b} Info. do Companheiro{nl}{@st59s} - Você pode definir o companheiro como Ativo ou em Modo Descanso usando o botão abaixo. {nl} - Os atributos e itens usados pelo companheiro podem ser personalizados. {/}
UI_20150317_000478	{@st59}Fechar Info. do Companheiro{/}
UI_20150317_000479	{memo X}{@st41b}Nome: {@sti9}%s{/}
UI_20150317_000480	{memo X}{@sti9}%s{@st41b}Proximidade: {@sti9}%s {@st41b}Nível{/}
UI_20150317_000481	{memo X}{@st41b}EXP{/}
UI_20150317_000482	{memo X}{@st41b}Vigor{/}
UI_20150317_000483	{memo X}{@st41b}Afinidade{/}
UI_20150317_000484	{memo X}{@st41b}Atributos e Informações
UI_20150317_000485	{@st43}Companheiro{/}
UI_20150317_000486	{@st59b}Companheiro{nl}{@st59s} - Clique em um item da lista para ver mais informações. {/}
UI_20150317_000487	{@st59}Fechar Companheiro{/}
UI_20150317_000488	{@st59}Fechar Ajuda{/}
UI_20150317_000489	{@st59}Ajuda{nl} - Exibe informações e dicas detalhadas. {nl} - Exibe outros tópicos da Lista de Ajuda{/}
UI_20150317_000490	{@st43}Ajuda{/}
UI_20150317_000491	Tópicos de Ajuda
UI_20150317_000492	{ol}{#AAAA00}{s16}Tempo Transcorrido: %s
UI_20150317_000493	{@st43}Pote de Veneno{/}
UI_20150317_000494	{@st59}Fechar IU do Pote de Veneno{/}
UI_20150317_000495	{@st59}Necessário para escrever{/}
UI_20150317_000496	{memo X}Quantidade de veneno: %s
UI_20150317_000497	{memo X}Itens que podem ser usados para Confeccionar veneno
UI_20150317_000498	{memo X}Selecionar Tudo
UI_20150317_000499	Clique novamente para desmarcar
UI_20150317_000500	{memo X}Confeccionando
UI_20150317_000501	{memo X}remexer, remexer, misturar e remexer
UI_20150317_000502	{@st43}Categoria{/}
UI_20150317_000503	{@st43}Eu{/}
UI_20150317_000504	{@st43}Alvo{/}
UI_20150317_000505	{@st43}Nível{/}
UI_20150317_000506	{@st43}Capital{/}
UI_20150317_000507	{@st43}Taxa{/}
UI_20150317_000508	{@st43}Taxa de Vitória/Derrota de PvP{/}
UI_20150317_000509	{@st59}Fechar{/}
UI_20150317_000510	{@sti5}Quantidade Total de Compra: %s{/}
UI_20150317_000511	{@sti5}Quantidade Total: %s{/}
UI_20150317_000512	{@st41b} Comprar
UI_20150317_000513	{memo X}{@st43}Materiais obtidos para confeccionar item!
UI_20150317_000514	{@st43}Magnum Opus{/}
UI_20150317_000515	{@st41}Excluir Tudo
UI_20150317_000516	{memo X}{@st42}Alvo de pensão {@stx1}(requer %s){/}
UI_20150317_000517	{@st41}Combinar
UI_20150317_000518	{@st43}Quest{/}
UI_20150317_000519	${@st59b}Quests{nl}{@st59s} - Quando estiver em uma quest, ela será adicionada ao rastreador de quest. {nl} - A quest principal é exibida em amarelo e a quest secundária em azul. {nl} - A seta no pé do personagem leva ao local da sua quest. {nl} - Se concluir a quest, será exibido o ícone 'Voltar' no rastreador de quest. {nl}    (Teleporta você para o NPC da Quest usando a tecla Backspace ou clicando o mouse ) {nl} - Adicione ou remova quests no rastreador de quest selecionando ou desmarcando a caixa na frente do nome da quest. {/}
UI_20150317_000520	{@st41b}Em Andamento{/}
UI_20150317_000521	{@st41b}Abandonar{/}
UI_20150317_000522	${@st43}{s22}Informações da Quest{/}
UI_20150317_000523	Missão Concluída
UI_20150317_000524	{@st41}Concluir{/}
UI_20150317_000525	Info. de Andamento da Missão
UI_20150317_000526	{s18}{ol}Informações da Quest
UI_20150317_000527	{s16}Tempo Restante
UI_20150317_000528	Usar item de quest
UI_20150317_000529	Dica de Quest
UI_20150317_000530	{@st41}Confirmar{/}
UI_20150317_000531	{@st43}{s22}Quest Concluída{/}
UI_20150317_000532	{@st41b}Concluir{/}
UI_20150317_000533	{@st41}Aceitar{/}
UI_20150317_000534	{@st41}Recusar{/}
UI_20150317_000535	{@st44}Voltar{/}
UI_20150317_000536	Para que quest você deseja voltar?
UI_20150317_000537	{memo X}{@st41b}Nome da classe da quest{/}
UI_20150317_000538	{@st59}Aumentar espaço {/}
UI_20150317_000539	{@st59}Reduzir espaço{/}
UI_20150317_000540	{memo X}{@st59}Invocar Companheiro.{/}
UI_20150317_000541	{@st44}Menu{/}
UI_20150317_000542	{@st60}Seleção de Personagem{/}
UI_20150317_000543	{@st60}Logout{/}
UI_20150317_000544	{@st60}Sair do Jogo{/}
UI_20150317_000545	{@st60}Configurações do Jogo{/}
UI_20150317_000546	{@st60}Voltar{/}
UI_20150317_000547	{@st41}Pular Tutorial{/}
UI_20150317_000548	{@st41}Seleção de Personagem{/}
UI_20150317_000549	{@st41}Logout{/}
UI_20150317_000550	{@st41}Sair do Jogo{/}
UI_20150317_000551	{@st41}Voltar{/}
UI_20150317_000552	{@st43}{s22}Preparar-se para a Invasão!
UI_20150317_000553	{@st41b}Os monstros se aproximam das cercanias do castelo da cidade. Apenas você pode detê-los.
UI_20150317_000554	{@st43}{s22}Configurações do Jogo{/}
UI_20150317_000555	{@sti7}Procurando um grupo de invasão...{/}
UI_20150317_000556	{@st41b}Cancelar participação
UI_20150317_000557	{@st41b}Vou cuidar disso!
UI_20150317_000558	{@st41b}Acho que não posso ajudar dessa vez...
UI_20150317_000559	{@sti7}{s24}Selecionar Recompensas de Invasão{/}
UI_20150317_000560	{@st42b}Tempo restante {@st43}%s{@st42b} segundos{/}
UI_20150317_000561	{@st41b}Aumentar a quantidade de seleções
UI_20150317_000562	{@43b}{s22} No de vezes selecionável: {@st43}%s{/}
UI_20150317_000563	remoção temporária de caixa_sombria
UI_20150317_000564	{@st43}Classificação{/}
UI_20150317_000565	{@st59}Fechar Classificações{/}
UI_20150317_000566	{@st41}100 Melhores Abates de Monstro{/}
UI_20150317_000567	{@st41}100 Melhores Danos{/}
UI_20150317_000568	{@st41}100 Melhores Negociações{/}
UI_20150317_000569	{@st41}100 Melhores Aumentos de Nível{/}
UI_20150317_000570	{@st41b}Menu{/}
UI_20150317_000571	{@st43}{s22}Melhorar Item{/}
UI_20150317_000572	{@st41b}Item Selecionado
UI_20150317_000573	{@st41b}Bigorna
UI_20150317_000574	{@st41}{s20}Golpe de Bigorna:{@st43} %s
UI_20150317_000575	{@st41} {s20}Preço: %s
UI_20150317_000576	{@st41b}Melhorar{/}
UI_20150317_000577	{@st59}Iniciar Melhoria de Item{/}
UI_20150317_000578	{@st59}Fechar Melhoria{/}
UI_20150317_000579	{@st41b} Você quer refinar os {@sti9}×%s{/} itens selecionados?{/}
UI_20150317_000580	{memo X}{@st43}Melhoria
UI_20150317_000581	{@st44}Melhorar Item{/}
UI_20150317_000582	{s24}{b}{#000000}Melhoria Concluída!
UI_20150317_000583	{@st41}Melhorar Novamente{/}
UI_20150317_000584	{@st41}Fechar{/}
UI_20150317_000585	{s18}{ol}{gr gradation1}Consertar Equipamento{/}
UI_20150317_000586	Equipamento em Uso
UI_20150317_000587	Equipamento no Inventário
UI_20150317_000588	{Gr gradation1}Selecionar Tudo{/}
UI_20150317_000589	Selecionar Tudo
UI_20150317_000590	{Gr gradation1}Consertar{/}
UI_20150317_000591	{@st43}Consertar{/}
UI_20150317_000592	{memo X}Lista de itens para conserto
UI_20150317_000593	{@st41b}Custo de Conserto{/}
UI_20150317_000594	{@st41b}Após Consertar{/}
UI_20150317_000595	{@st41b}Consertar{/}
UI_20150317_000596	Consertar o item selecionado.
UI_20150317_000597	{@st59}Fechar Consertar Item{/}
UI_20150317_000598	{@st43}Reforço de Item{/}
UI_20150317_000599	{@st41}Lista de itens para reforçar{/}
UI_20150317_000600	{@st44}Reforçar o Item{/}
UI_20150317_000601	{@st42}Reforçar{/}
UI_20150317_000602	{@st59}Reforçar com as configurações atuais{/}
UI_20150317_000603	{@st59}Não Reforçar{/}
UI_20150317_000604	{@st44}Continuar{/}
UI_20150317_000605	{memo X}{@st41b}Você se tornou {/}{s20}{#cc6600}{ol} inútil{/}{@st41b}{/}
UI_20150317_000606	{memo X}{@st41b}Renascer no Ponto de Renascimento mais próximo{/}
UI_20150317_000607	{memo X}{@st41b}Renascer aqui (requer %s iCoins) {/}
UI_20150317_000608	{memo X}{@st41b}Voltar ao campo{/}
UI_20150317_000609	{memo X}{@st41b}Abandonar quest e reiniciar{/}
UI_20150317_000610	{memo X}{@st41b}Tentar novamente{/}
UI_20150317_000611	Santuário de Ressurreição (70031)
UI_20150317_000612	Falta o item solicitado.
UI_20150317_000613	Quickslot de Descanso
UI_20150317_000614	{@st43}Caixa de diálogo{/}
UI_20150317_000615	Nome Temporário
UI_20150317_000616	{memo X}{@st41b} {s18} Espaço de Inventário Insuficiente 
UI_20150317_000617	{memo X}Você não pode obter o item porque o Inventário está cheio{nl}Libere algum espaço para o item.
UI_20150317_000618	{@st44}Item de Conjunto adquirido!{/}
UI_20150317_000619	Selecione um item
UI_20150317_000620	{memo X}{@st59b} Loja {nl} {@st59s} - Clique com o botão direito e insira a quantidade para comprar vários {nl} - Clique duas vezes com o botão direito para vender todo o estoque de itens {/}
UI_20150317_000621	{@st59}Fechar Loja{/}
UI_20150317_000622	{@st59}Primeira Página{/}
UI_20150317_000623	{@st59}Próxima Página{/}
UI_20150317_000624	{@st59}Última Página{/}
UI_20150317_000625	{@st41b}Restaurar{/}
UI_20150317_000626	{@st59}Zerar Carrinho de Compras{/}
UI_20150317_000627	{@st41b}Confirmar{/}
UI_20150317_000628	{@st59}Confirmar Negociação{/}
UI_20150317_000629	{@st43}Loja{/}
UI_20150317_000630	{@st41b}Itens Comprados{/}
UI_20150317_000631	{@st41b}Itens Vendidos{/}
UI_20150317_000632	{memo X}{@st41b}Preço{/}
UI_20150317_000633	{memo X}{@st41b}Saldo{/}
UI_20150317_000634	{memo X}{@st41b}Meus Itens Vendidos{/}
UI_20150317_000635	{@st41}Espaços vazios{/}
UI_20150317_000636	{@st43}Total{/}
UI_20150317_000637	{@st41}Fechar Negociação{/}
UI_20150317_000638	{@st41}Após Negociar{/}
UI_20150317_000639	{@st41}Itens comprados{/}
UI_20150317_000640	{memo X}{@sti1c}Simonia
UI_20150317_000641	{@st41}Habilidade de Confecção
UI_20150317_000642	{@st42}Nível %s{/}
UI_20150317_000643	Custos de confecção
UI_20150317_000644	Qtde. de Confecção
UI_20150317_000645	Requer quase %s segundos
UI_20150317_000646	{@st41}Confeccionar
UI_20150317_000647	{memo X}${@st43}Habilidades e Atributos{/}
UI_20150317_000648	{memo X}${@st59}Fechar Classes e Habilidades{/}
UI_20150317_000649	${@st59b}Classes{nl}{@st59s}- Você pode aprender novas habilidades aumentando o Círculo da sua classe. {nl} - Escolha entre 3 classes disponíveis para avançar e formar seu 1o e 2o avanço. {nl} - Você pode avançar 3 vezes na mesma classe. {nl} - Não é possível voltar à classe anterior depois de avançar para outra classe. {nl} - Para progredir você precisa consumir todos os seus Pontos de Habilidade. {nl} - Você pode escolher a mesma classe.{nl}{@st59b}Habilidades{nl}{@st59s} - Você pode aumentar até 5 a classificação de cada habilidade.{nl} - Os atributos aprendidos com os Mestres podem ser vistos embaixo de suas habilidades. {/}
UI_20150317_000650	{memo X}{@st41b}Aplicar{/}
UI_20150317_000651	{@st59}Aplicar{/}
UI_20150317_000652	Clérigo
UI_20150317_000653	{@st59}Cancelar{/}
UI_20150317_000654	Aprendendo {#ff4400}%s (Nv %s){/}...
UI_20150317_000655	Psicoluta
UI_20150317_000656	Restam %s minutos 
UI_20150317_000657	{@st43}Postura{/}
UI_20150317_000658	{@st59}Fechar Postura{/}
UI_20150317_000659	{@st41}Quadro{/}
UI_20150317_000660	{@st41}Negociação{/}
UI_20150317_000661	{@st41}Funções Sociais{/}
UI_20150317_000662	{@st41b}Escrever{/}
UI_20150317_000663	{@st41}Registrar{/}
UI_20150317_000664	{@st59}Registrar postagem{/}
UI_20150317_000665	{@st41}Iniciar Minha Página{/}
UI_20150317_000666	{@st59}Publicar Minha Página{/}
UI_20150317_000667	{@st59}Escrever saudações{/}
UI_20150317_000668	{@st41b}1. Menu{/}
UI_20150317_000669	{@st41}Visitar{/}
UI_20150317_000670	{@st59}Visitar Minha Página{/}
UI_20150317_000671	{@st41}Vender{/}
UI_20150317_000672	{@st59}Vender item{/}
UI_20150317_000673	{@st43}Subsistência{/}
UI_20150317_000674	{@st59}Fechar subsistência{/}
UI_20150317_000675	{@st41}Exibir tudo{/}
UI_20150317_000676	{@st41}Criar Mapa{/}
UI_20150317_000677	{@st41}%s/min. (%s sob controle){/}
UI_20150317_000678	Guerreiro do Teclado
UI_20150317_000679	{@st42}%s{/}{@st42_yellow}Nível{/}
UI_20150317_000680	{@st41_yellow}Tempo de Atividade
UI_20150317_000681	{@st43}Grafite{/}
UI_20150317_000682	{@st59}Fechar Spray{/}
UI_20150317_000683	{@st41b}Dica: Desenhar uma imagem na moldura abaixo{/}
UI_20150317_000684	{@st41b}Cores{/}
UI_20150317_000685	{@st41b}Quantidade{/}
UI_20150317_000686	{@st41b}Pincel{/}
UI_20150317_000687	{@st43}Desenhar{/}
UI_20150317_000688	{@st59}Desenhar a imagem completa no chão.{/}
UI_20150317_000689	{@st41b}{a SAVE_EDIT_SPRAY}Salvar{/}{/}
UI_20150317_000690	{@st59}Salvar desenhos{/}
UI_20150317_000691	{@st41b}{a LOAD_EDIT_SPRAY}Carregar{/}{/}
UI_20150317_000692	{@st59}Carregar imagens desenhadas antes.{/}
UI_20150317_000693	{@st59}Cor selecionada 1{/}
UI_20150317_000694	{@st59}Cor selecionada 2{/}
UI_20150317_000695	{@st59}Lista de Cores{/}
UI_20150317_000696	{@st59}Pincel Selecionado{/}
UI_20150317_000697	{@st59}Pincel 1{/}
UI_20150317_000698	{@st59}Pincel 2{/}
UI_20150317_000699	{@st59}Pincel 3{/}
UI_20150317_000700	{@st59}Pincel 4{/}
UI_20150317_000701	{@st59}Pincel 5{/}
UI_20150317_000702	{@st59}Pincel 6{/}
UI_20150317_000703	{@st49}Pessoas que gostam{/}
UI_20150317_000704	{s20}{#050505}Descrever qualquer coisa
UI_20150317_000705	{@st41} Tudo {/}
UI_20150317_000706	{@st41} Grupo {/}
UI_20150317_000707	{@st41} Monstro {/}
UI_20150317_000708	{memo X}{@st41b}{#f0dcaa}Pontos de Condição Restantes ▶ {@st46}%s
UI_20150317_000709	{@st59b}Minhas Informações{nl}{@st59s}- Condição: Use os pontos que ganhou ao subir de nível para melhorar os 5 atributos de condição. {nl}- Informações: São informações sobre o personagem com base na sua condição e equipamento atuais. {nl}- Título: Você pode receber títulos ao completar conquistas. {nl} {/}
UI_20150317_000710	{@st41b}Info.{/}
UI_20150317_000711	{memo X}{@st41b}Título{/}
UI_20150317_000712	Mostrar Classe
UI_20150317_000713	Mostrar Nome do Personagem
UI_20150317_000714	{@st59}Mudar Nome do Personagem{/}
UI_20150317_000715	{memo X}{@st41b}Aplicar
UI_20150317_000716	{@st59}Aplicar{/}
UI_20150317_000717	{@st41b}Cancelar
UI_20150317_000718	{memo X}{@st59}Cancelar{/}
UI_20150317_000719	Nome de PC
UI_20150317_000720	{@st41_yellow}Nível: {@st41}%s{/}
UI_20150317_000721	{memo X}{@st41_yellow}Habilidades de Mercenário
UI_20150317_000722	{@st43}Efeitos de Ataque{/}
UI_20150317_000723	{@st43}Efeitos de Defesa{/}
UI_20150317_000724	{@st43}Atributo{/}
UI_20150317_000725	tentativa de remoção de menu de sistema_vertical
UI_20150317_000726	{@st59}Informações do Personagem (F1){/}
UI_20150317_000727	{@st59}Inventário (F2){/}
UI_20150317_000728	${@st59}Classes e Habilidades (F3){/}
UI_20150317_000729	{@st59}Diário de Aventura (F4){/}
UI_20150317_000730	{@st59}Quest (F5){/}
UI_20150317_000731	{@st59}Grupo (F6){/}
UI_20150317_000732	{@st59}Amigo (F7){/}
UI_20150317_000733	{@st59}Macro (F8) {/}
UI_20150317_000734	{@st59}Companheiro (F9) {/}
UI_20150317_000735	{@st59}Ajuda (F10) {/}
UI_20150317_000736	{@st59}Menu do Sistema (Esc){/}
UI_20150317_000737	{@st59}Necronomicon{/}
UI_20150317_000738	Ajuda (F1)
UI_20150317_000739	Conteúdo
UI_20150317_000740	Exibir Detalhes
UI_20150317_000741	{@st43}Configurações do Jogo{/}
UI_20150317_000742	{@st43}Jogo{/}
UI_20150317_000743	{memo X}{@st41b}Mostrar EXP adquirida{/}
UI_20150317_000744	{memo X}{@st41b}Mostrar Nome do Personagem{/}
UI_20150317_000745	{memo X}{@st41b}Mostrar Apenas Nome da Equipe {/}
UI_20150317_000746	{memo X}{@st41b}Mostrar Guia de Quest{/}
UI_20150317_000747	{@st43}Resolução{/}
UI_20150317_000748	{@st43}Vídeo{/}
UI_20150317_000749	{memo X}{@st41b}Tela Cheia{/}
UI_20150317_000750	{memo X}{@st41b}Modo Janela{/}
UI_20150317_000751	{@st43}Som{/}
UI_20150317_000752	{memo X}{@st41b}Volume dos Efeitos Sonoros (%s){/}
UI_20150317_000753	{memo X}{@st41b}Volume da Música (%s){/}
UI_20150317_000754	{memo X}{@st41b}Volume (%s){/}
UI_20150317_000755	{@st43}{b}Selecionar Idioma{/}
UI_20150317_000756	{@st59}Fechar Configurações{/}
UI_20150317_000757	{memo X}Modo de requisitos mín. {@st41b} {/}
UI_20150317_000758	{@st41b}Exibir{/}
UI_20150317_000759	{@st59}Créditos{/}
UI_20150317_000760	Janela de bônus de alvo
UI_20150317_000761	{@st46}Imagem de IMC
UI_20150317_000762	{@st46}Imagem de %s
UI_20150317_000763	{@st46}Curtir
UI_20150317_000764	{@st46}Informar
UI_20150317_000765	{@st46}Usar proteções
UI_20150317_000766	{@st46}Remover Imagem
UI_20150317_000767	Alucinação Branca
UI_20150317_000768	Buquê
UI_20150317_000769	{@st41} Presentes
UI_20150317_000770	Digite a quantidade
UI_20150317_000771	{@st53b}%s Vitórias %s Derrotas
UI_20150317_000772	{@st42}Agenda do Dia
UI_20150317_000773	{@st53}Até começar:
UI_20150317_000774	{@st53b}Presentes recebidos: ×%s
UI_20150317_000775	{@st43b}Enviar presente para %s{/}
UI_20150317_000776	{@st55_a}Próximo jogo
UI_20150317_000777	{@st53}- Clique no nome para visualizar{nl}- Clique com o botão direito para enviar
UI_20150317_000778	Centralizar câmera no meu personagem
UI_20150317_000779	{@st55_a}Parabéns!
UI_20150317_000780	{@st42}Mudar Câmera
UI_20150317_000781	{@st44}Diário de Aventura{/}
UI_20150317_000782	{@st59}Mudar configurações de visualização{/}
UI_20150317_000783	{@st41} Estatísticas {/}
UI_20150317_000784	{@st41}Confecção {/}
UI_20150317_000785	{@st41} Caçar {/}
UI_20150317_000786	{@st41} Ajuda {/}
UI_20150317_000787	{@st44}Página Wiki{/}
UI_20150317_000788	{@st42}Informações{/}
UI_20150317_000789	{@st42}Detalhes{/}
UI_20150317_000790	{@st42}Combate{/}
UI_20150317_000791	{@st42}Adquirir{/}
UI_20150317_000792	{@st59}Fechar página{/}
UI_20150317_000793	{memo X}{@st43}Campo de Batalha
UI_20150317_000794	{memo X}{@st59}Fechar Campo de Batalha.
UI_20150317_000795	{memo X}(Bronze 3)
UI_20150317_000796	{@sti8}Pontos obtidos hoje: {nl}%s{/}
UI_20150317_000797	{@st41}Loja de Pontos
UI_20150317_000798	{@st41}Classificação
UI_20150317_000799	{memo X}{@st42}Calendário do Campo de Batalha
UI_20150317_000800	{@st42}Recordes Recentes
UI_20150317_000801	{@st41}Receber EXP
UI_20150317_000802	{@st41}Página PvP
UI_20150317_000803	{@st41}Procurar
UI_20150317_000804	{memo X}{@st43}Classificações do Campo de Batalha
UI_20150317_000805	{memo X}{@st59}Fechar Classificações do Campo de Batalha
UI_20150317_000806	{@st56}Nome da Habilidade{/}
UI_20150317_000807	{@st41}Selecionar coordenadas{/}
UI_20150317_000808	{@st41}Localizar{/}
UI_20150317_000809	{@st42b}Gerenciar regeneração de monstro{/}
UI_20150317_000810	{@st42b}Lista de Monstros{/}
UI_20150317_000811	{@st42b}Criar IU{/}
UI_20150317_000812	{@st42b}Mapa Nublado{/}
UI_20150317_000813	{@st42b}Criar Mapa{/}
UI_20150317_000814	{@st42b}Criar Minimapa{/}
UI_20150317_000815	{@st42b}Diálogo {/}
UI_20150317_000816	{@st42b}Mudar Recompensas de Quest{/}
UI_20150317_000817	{@st42b}Regeneração de Grupo{/}
UI_20150317_000818	{@st42b}Definir local do mapa{/}
UI_20150317_000819	{@st42b}Mapa de habilidades{/}
UI_20150317_000820	{@st42b}Lista de eventos{/}
UI_20150317_000821	{@st42b}Selecionar coordenadas{/}
UI_20150317_000822	{@st42b} Selecionar aplicação de textura, XAC{/}
UI_20150317_000823	{@st42b}Ativar/Desativar Desempenho{/}
UI_20150317_000824	Lista de diálogos
UI_20150317_000825	Procurar
UI_20150317_000826	{@st41}Visualização{/}
UI_20150317_000827	{@st41}Desativar{/}
UI_20150317_000828	{@st41}Remover{/}
UI_20150317_000829	{@st41}Salvar Tudo{/}
UI_20150317_000830	{@st41}Aplicar imagem{/}
UI_20150317_000831	{#FFFFFF}{ds}Selecionar Evento
UI_20150317_000832	{#FFFFFF}{ds}Editar Evento
UI_20150317_000833	{ol}Lista
UI_20150317_000834	O nome do grupo que será salvo
UI_20150317_000835	{@st42}Criar Novo{/}
UI_20150317_000836	{@st41}Regeneração de Grupo{/}
UI_20150317_000837	{@st59}Digite o nome do monstro para procurar{/}
UI_20150317_000838	{@st59}Digite o nome do grupo para salvar{/}
UI_20150317_000839	{@st41}Novo grupo{/}
UI_20150317_000840	Filtragem
UI_20150317_000841	{@st59}Digitar filtro{/}
UI_20150317_000842	{ol}Valor da Propriedade
UI_20150317_000843	Lista de classes
UI_20150317_000844	Aplicar para XML
UI_20150317_000845	{#FFFFFF}{ds}Registro
UI_20150317_000846	{#FFFFFF}{ds}Exibir todas as propriedades
UI_20150317_000847	Digite a palavra-chave para procurar
UI_20150317_000848	Todos os valores de atributo
UI_20150317_000849	{ol}Nome
UI_20150317_000850	{ol}Valor
UI_20150317_000851	$Registro
UI_20150317_000852	{ol}Revisão
UI_20150317_000853	${ol}Registro
UI_20150317_000854	Lista de classes
UI_20150317_000855	Conversão de XML
UI_20150317_000856	{ol}Nome da Classe
UI_20150317_000857	{ol}Nome da Propriedade
UI_20150317_000858	{ol}Valor alterado
UI_20150317_000859	{ol}Aplicar
UI_20150317_000860	Abrir Pasta
UI_20150317_000861	Selecionar Tudo
UI_20150317_000862	Histórico
UI_20150317_000863	Valor de Reversão
UI_20150317_000864	{ol}Selecionar Item 
UI_20150317_000865	Digite o nome que deseja procurar
UI_20150317_000866	{@st42}Confirmar{/}
UI_20150317_000867	{@st41}Criar IU{/}
UI_20150317_000868	{ol}Moldura
UI_20150317_000869	{@st41}Moldura{/}
UI_20150317_000870	{@st41}Botão{/}
UI_20150317_000871	{@st41}Texto{/}
UI_20150317_000872	{@st42b}Normal{img btn_close}
UI_20150317_000873	{@st42b}Leilão{img btn_close}
UI_20150317_000874	{@st41}Definir local do mapa{/}
UI_20150317_000875	{@st41}Renomear{/}
UI_20150317_000876	{@st59}Digite as palavras que deseja filtrar{/}
UI_20150317_000877	{@st41}Criar{/}
UI_20150317_000878	{@st56}Salvar XML{/}
UI_20150317_000879	{@st56}Restaurar{/}
UI_20150317_000880	{@st56}Atributo{/}
UI_20150317_000881	{@st56}Valor{/}
UI_20150317_000882	{@st42}Conteúdo{/}
UI_20150317_000883	{@st41}Desfazer{/}
UI_20150317_000884	{@st41}Salvar Tudo{/}
UI_20150317_000885	{@st41}Abrir XML{/}
UI_20150317_000886	{@st42b}Habilidade Definida: 0{/}
UI_20150317_000887	{@st42b}Habilidade Definida: %s{/}
UI_20150317_000888	{@st42b}Orientação do mouse{/}
UI_20150317_000889	{@st42b}Nome da habilidade{/}
UI_20150317_000890	{@st41}Lista de monstros{/}
UI_20150317_000891	{@st41}Gerenciador de Desempenho{/}
UI_20150317_000892	{ol}Selecionar Quest
UI_20150317_000893	Digite o nome da quest para procurar
UI_20150317_000894	{ol}Selecionar mapa
UI_20150317_000895	Digite o nome do mapa para procurar
UI_20150317_000896	{@st42}Mapa atual{/}
UI_20150317_000897	{ol}Nome do mapa
UI_20150317_000898	{ol}Coordenadas
UI_20150317_000899	{@st41}Mudar recompensas de quest{/}
UI_20150317_000900	{@st59}Digite a quest para procurar{/}
UI_20150317_000901	{@st59}Digite o item para procurar{/}
UI_20150317_000902	{@st42}EXP
UI_20150317_000903	{ol}Recompensas básicas
UI_20150317_000904	{ol}Quantidade
UI_20150317_000905	{ol}Recompensas adicionais
UI_20150317_000906	{@st45}Trapaças mais usadas
UI_20150317_000907	{@st41}Mapa de habilidades{/}
UI_20150317_000908	{@st42}Habilidade{/}
UI_20150317_000909	{@st42}Guerreiro{/}
UI_20150317_000910	{@st42}Mago{/}
UI_20150317_000911	{@st42}Arqueiro{/}
UI_20150317_000912	{@st42}Monge{/}
UI_20150317_000913	{@st42}Feiticeiro{/}
UI_20150317_000914	{memo X}{@st41}Habilidade{/}
UI_20150317_000915	{memo X}{@st59}Carregar XML{/}
UI_20150317_000916	{memo X}{@st41}Carregar{/}
UI_20150317_000917	{memo X}{@st59}Salvar como XML{/}
UI_20150317_000918	{memo X}{@st59}Restaurar Abrir Mapa de Habilidade{/}
UI_20150317_000919	{memo X}{@st41}Restaurar{/}
UI_20150317_000920	{memo X}{@st59}Restaurar todos os Mapas de Habilidade{/}
UI_20150317_000921	{memo X}{@st41}Restaurar Tudo{/}
UI_20150317_000922	{memo X}{S18}Remover script
UI_20150317_000923	{memo X}{S18}Argumento de sequência
UI_20150317_000924	{memo X}{s18}argumento de sequência 1
UI_20150317_000925	{memo X}{s18}argumento de sequência 2
UI_20150317_000926	{memo X}{s18}Nível de habilidade máximo
UI_20150317_000927	{memo X}{@st59}Remover caixa de digitação de script{/}
UI_20150317_000928	{memo X}{@st59}Remover argumento de script{/}
UI_20150317_000929	{memo X}{@st59}Nível de habilidade máximo{/}
UI_20150317_000930	{memo X}{@st59}Salvar Propriedade{/}
UI_20150317_000931	{memo X}{@st41}Salvar Propriedade{/}
UI_20150317_000932	{@st44}Lista de IU{/}
UI_20150317_000933	{ds}Lista de Complementos
UI_20150317_000934	{ds}Lista de moldura fixa
UI_20150317_000935	{@st42}Lista de IU{/}
UI_20150317_000936	{@st59}Mostrar Lista de IU{/}
UI_20150317_000937	{@st42}Ajustar localização{/}
UI_20150317_000938	{@st59}Ajustar localização{/}
UI_20150317_000939	{@st42}Editar Propriedade{/}
UI_20150317_000940	{@st59}Editar propriedade{/}
UI_20150317_000941	{@st42}Salvar{/}
UI_20150317_000942	{@st59}Salvar{/}
UI_20150317_000943	{@st44}Editar propriedades de IU{/}
UI_20150317_000944	{@St59}Seleção de Personagem{/}
UI_20150317_000945	{@St59}Logout{/}
UI_20150317_000946	{@St59}Configurações{/}
UI_20150317_000947	{@St59}Sair{/}
UI_20150317_000948	{@st43}Configurações de Alojamento{/}
UI_20150317_000949	{@st59}Fechar Configurações de Alojamento{/}
UI_20150317_000950	{memo X}{@St42_b}{s18}{#f5c384}Nome da Equipe{/}
UI_20150317_000951	{@st59}Digite o nome da Equipe {/}
UI_20150317_000952	{memo X}{@st59}Salvar Nome da Equipe{/}
UI_20150317_000953	Exclusão Temporária
UI_20150317_000954	{@St59}Fechar Decoração de Quartel{/}
UI_20150317_000955	{@St43}Decoração do Quartel{/}
UI_20150317_000956	{@St41b}Tema{/}
UI_20150317_000957	{@St41b}Disposição de Item{/}
UI_20150317_000958	{@St41b}Nome
UI_20150317_000959	{@St41b}Preço
UI_20150317_000960	{@St41b}Estado
UI_20150317_000961	{@St44}Novo Personagem{/}
UI_20150317_000962	{@St41b}{s22}Selecionar Classe do Personagem{/}
UI_20150317_000963	{@St41b}Voltar{/}
UI_20150317_000964	{@St59}Voltar ao Alojamento sem criar um personagem
UI_20150317_000965	Mudar Personagem
UI_20150317_000966	{@St41}Personagem{/}
UI_20150317_000967	{@St59}Girar no sentido horário{/}
UI_20150317_000968	{@St59}Girar no sentido anti-horário{/}
UI_20150317_000969	{@St43b}Rotação do Personagem{/}
UI_20150317_000970	{@st43}Nome do Personagem{/}
UI_20150317_000971	Digite um nome{@st59} {/}
UI_20150317_000972	{@St43b}Selecionar Gênero{/}
UI_20150317_000973	{@St59}Feminino{/}
UI_20150317_000974	{@St59}Masculino{/}
UI_20150317_000975	{@st43b}Selecionar Penteado{/}
UI_20150317_000976	{@st59}Penteado 1{/}
UI_20150317_000977	{@st59}Penteado 2{/}
UI_20150317_000978	{@St59}Penteado 3{/}
UI_20150317_000979	{@st59}Penteado 4{/}
UI_20150317_000980	{@st59}Penteado 5{/}
UI_20150317_000981	{@st59}Penteado 6{/}
UI_20150317_000982	{@st59}Penteado 7{/}
UI_20150317_000983	{@st59}Penteado 8{/}
UI_20150317_000984	{@st59}Penteado 9{/}
UI_20150317_000985	{@st59}Penteado 10{/}
UI_20150317_000986	{@St43b}Selecionar Classe{/}
UI_20150317_000987	{@st59}Espadachim{/}
UI_20150317_000988	{@st59}Mago{/}
UI_20150317_000989	{@st59}Arqueiro{/}
UI_20150317_000990	{@st59}Clérigo{/}
UI_20150317_000991	{@St41b}Visitar Quartel {/}
UI_20150317_000992	{@St59}Visitar o Quartel de outro jogador.{/}
UI_20150317_000993	{@St41b}Logout{/}
UI_20150317_000994	{@St59}Ir para a tela de Login{/}
UI_20150317_000995	{@St41b}Sair do Jogo{/}
UI_20150317_000996	{@St59}Sair do Tree of Savior{/}
UI_20150317_000997	{@st41b}Selecionar Canal{/}
UI_20150317_000998	{memo X}{@st43}Entrar{/}
UI_20150317_000999	{@St59}Iniciar jogo com o personagem selecionado{/}
UI_20150317_001000	{@St43}{s26}Nome da Equipe{/}
UI_20150317_001001	{@st59}Nome da Equipe{/}
UI_20150317_001002	{memo X}{@st41b}Mudar Nome da Equipe{/}
UI_20150317_001003	{memo X}{@st59} Mudar o nome da sua equipe{/}
UI_20150317_001004	{@St41}Companheiro{/}
UI_20150317_001005	Arrastar Chat
UI_20150317_001006	{@St44}Nome do Diálogo Novo{/}
UI_20150317_001007	{@St42}Mudar{/}
UI_20150317_001008	{@St44}Nome da Janela Nova{/}
UI_20150317_001009	{@St43}{s40}{gr gradation4}Criação de Personagem{/}
UI_20150317_001010	{@St59}Criar um personagem{/}
UI_20150317_001011	{@St59}Cancelar a criação do personagem{/}
UI_20150317_001012	{@St59}Fechar{/}
UI_20150317_001013	{@St59}Criar equipe com o nome inserido{/}
UI_20150317_001014	{@St43}{s30}{#f0dcaa}Digite o Nome da Equipe!
UI_20150317_001015	{memo X}{@St41b}O Nome da Equipe representa todos os seus personagens.{nl}Esse nome será usado em negociações, participações na guilda, conversas e muito mais.{nl}               Você pode mudar o Nome da Equipe quando desejar.{/}
UI_20150317_001016	Carregando fundo
UI_20150317_001017	Dica
UI_20150317_001018	Dicas de Jogo
UI_20150317_001019	Login
UI_20150317_001020	ID da Conta
UI_20150317_001021	{@st59}Digite seu ID da conta{/}
UI_20150317_001022	Senha
UI_20150317_001023	{@St59}Digite sua senha{/}
UI_20150317_001024	{@St43}Entrar{/}
UI_20150317_001025	{@St59}Conecte-se ao servidor selecionado{/}
UI_20150317_001026	{@st41b}Repetir{/}
UI_20150317_001027	{@st41b}Modo Individual{/}
UI_20150317_001028	{@St41b}Sair do Jogo{/}
UI_20150317_001029	Salvar
UI_20150317_001030	{@St59}Se verificada, sua conta será salva{/}
UI_20150317_001031	Lista de Servidores
UI_20150317_001032	{@St59}Selecionar Servidor{/}
UI_20150317_001033	Título de Login
UI_20150317_001034	[Closed Beta version]
UI_20150317_001035	Opções
UI_20150317_001036	Alcance de Visibilidade
UI_20150317_001037	{S20}{#BBBBBB}Alcance de Visibilidade
UI_20150317_001038	Alcance de Visibilidade:
UI_20150317_001039	Personagem:
UI_20150317_001040	Objetos de Fundo:
UI_20150317_001041	Topografia - Grama (%):
UI_20150317_001042	Topografia - Árvore (%):
UI_20150317_001043	Topografia - Objetos (%):
UI_20150317_001044	Sombra
UI_20150317_001045	{S20}{#BBBBBB}Mapeamento de Sombra
UI_20150317_001046	Ativar Mapeamento de Sombra
UI_20150317_001047	Qualidade da Sombra:
UI_20150317_001048	Uso de SSAO
UI_20150317_001049	Método SSAO:
UI_20150317_001050	Resolução SSAO:
UI_20150317_001051	Reflexo da Água
UI_20150317_001052	{s20}{#BBBBBB}Reflexo da Água
UI_20150317_001053	Reflexo do Personagem na Água
UI_20150317_001054	Reflexo do Fundo na Água
UI_20150317_001055	{s20}{#BBBBBB}Ajuste de Brilho
UI_20150317_001056	Ativar Brilho
UI_20150317_001057	{@st41}Ataque{/}
UI_20150317_001058	{@St41}Defesa{/}
UI_20150317_001059	{@st41}Apoio{/}
UI_20150317_001060	{@st41}Dificuldade{/}
UI_20150317_001061	{@st41}Penteado
UI_20150317_001062	{@st41}Rotação
UI_20150317_001063	{@st43}Criar Personagem
UI_20150317_001064	{@st59}Criar o personagem atual{/}
UI_20150317_001065	{@st41b}Cancelar
UI_20150317_001066	{@st59}Cancelar seleção de personagem{/}
UI_20150317_001067	Informações do Personagem
UI_20150317_001068	{@st41}Levar Junto
UI_20150317_001069	{@st59}Após clicar, selecione um personagem para o Companheiro seguir{/}
UI_20150317_001070	IU de Criação de Item
UI_20150317_001071	{s24}Nome:
UI_20150317_001072	{s16}FOR:
UI_20150317_001073	{s16} HP:
UI_20150317_001074	{s16} AGI:
UI_20150317_001075	{s16} VIT:
UI_20150317_001076	{s16} Força:
UI_20150317_001077	{s18} Seleção da Classe
UI_20150317_001078	{s18} União do Caminho Certo
UI_20150317_001079	{s18} União da Providência Maligna
UI_20150317_001080	Hong Moo Moon
UI_20150317_001081	Dae Do Cheon
UI_20150317_001082	Espadas Flamejantes
UI_20150317_001083	Adenoma Hwageuk
UI_20150317_001084	Punção Santa
UI_20150317_001085	Yeonhwagyo
UI_20150317_001086	{S16}Gênero e Aparência
UI_20150317_001087	Masculino
UI_20150317_001088	Feminino
UI_20150317_001089	Ajuste de Cabelo
UI_20150317_001090	Ajuste Principal 
UI_20150317_001091	Largura de Ombro
UI_20150317_001092	Tamanho de Mão e Pé
UI_20150317_001093	Tamanho de Tórax
UI_20150317_001094	Tamanho de Cintura
UI_20150317_001095	Tamanho de Quadril
UI_20150317_001096	{S18} Tamanho de Cabeça
UI_20150317_001097	{S14} Ajuste de Altura
UI_20150317_001098	{S14} Largura de Ombro
UI_20150317_001099	{S14} Tamanho de Mão e Pé
UI_20150317_001100	{S14} Tamanho de Tórax
UI_20150317_001101	{S14} Tamanho de Cintura
UI_20150317_001102	{S14} Tamanho Pélvico
UI_20150317_001103	Usar Pré-definido
UI_20150317_001104	Aleatório
UI_20150317_001105	Criar Novo Personagem
UI_20150317_001106	Cancelar Criação de Personagem
UI_20150317_001107	{@St43}{s40}{gr gradation4}Iniciar Jogo{/}
UI_20150317_001108	{@St43}{s40}{gr gradation4}Fechar Visualização{/}
UI_20150317_001109	{@St43}{s40}{gr gradation4}Voltar à Zona{/}
UI_20150317_001110	{@St59}Voltar para a Zona.{/}
UI_20150317_001111	{@St41b}Voltar{/}
UI_20150317_001112	{@St59}Voltar para o Meu Alojamento.{/}
UI_20150317_001113	{@St43}{s24}Nome do Alojamento{/}
UI_20150317_001114	{@St59}Nome do Alojamento{/}
UI_20150317_001115	{@st41b}Decorar{/}
UI_20150317_001116	{@St59}Decorar Alojamento{/}
UI_20150317_001117	{@St41b}Configurar{/}
UI_20150317_001118	{@St59}Configurações do Quartel{/}
UI_20150317_001119	Moldura de Item Personalizado
UI_20150317_001120	Verde
UI_20150317_001121	Densidade
UI_20150317_001122	Conforme HP
UI_20150317_001123	{@st59}Acessórios de Cabelo{/}
UI_20150317_001124	{@st59}Acessórios Auxiliares{/}
UI_20150317_001125	{@St42}Texto{/}
UI_20150317_001126	Nome de conteúdo básico
UI_20150317_001127	Nome de grupo básico
UI_20150317_001128	Nome de item básico
UI_20150317_001129	Sr. Kim
UI_20150317_001130	Peso: %s
UI_20150317_001131	N/D
UI_20150317_001132	Raça %S
UI_20150317_001133	N/D
UI_20150317_001134	Não Negociado
UI_20150317_001135	Impossível melhorar
UI_20150317_001136	N/D
UI_20150317_001137	Nome do Item
UI_20150317_001138	N/D
UI_20150317_001139	Nv e acima
UI_20150317_001140	Todos podem usar
UI_20150317_001141	{memo X}Limite de Soquetes: ×%s
UI_20150317_001142	Nome do Item
UI_20150317_001143	Valor de Venda de Loja: %s de prata
UI_20150317_001144	Quanto
UI_20150317_001145	{@St42b}Taxa de Exploração Total de Siauliai{/}
UI_20150317_001146	{@St42b}Área da Floresta Ocidental Explorada{/}
UI_20150317_001147	{@St18}Item{/}
UI_20150317_001148	{@St18}Minha Classificação{/}
UI_20150317_001149	Diamante
UI_20150317_001150	Vigor +9.000
UI_20150317_001151	{@St18}Média{/}
UI_20150317_001152	{@St42b}{s18}Mão de Obra{/}
UI_20150317_001153	{@St55_c}Nome do Item
UI_20150317_001154	{@St55_c}Registros de Anotações
UI_20150317_001155	{@St59}Digite um nome. Se não inserir um nome, será usado o nome padrão.{/}
UI_20150317_001156	{@St59}Digite uma anotação{/}
UI_20150317_001157	{@St43}Itens Confeccionados
UI_20150317_001158	{memo X}{@st42b}%s pontos {/}
UI_20150317_001159	{memo X}{@st42b}%s cão {/}
UI_20150317_001160	{memo X}{@st42b}%s pontos {/}
UI_20150317_001161	{memo X}{@st42b}%s cão {/}
UI_20150317_001162	{S16}{ol}por preço
UI_20150317_001163	Preço Total: 1
UI_20150317_001164	{memo X}{@St41}Ajuda
UI_20150317_001165	{memo X}{@St41}Descrição da Foto
UI_20150317_001166	{@St41}Registo
UI_20150317_001167	{@St41}Nome
UI_20150317_001168	{@St41}Mensagem
UI_20150317_001169	{@St43}Nome{/}
UI_20150317_001170	{@St41b}Mensagens{/}
UI_20150317_001171	{@St42b}Login{/}
UI_20150317_001172	{@St41}Criar uma nova conversa
UI_20150317_001173	{@St41}Conversa Completa
UI_20150317_001174	Nome da Região
UI_20150317_001175	{@St41}Nomes de Habilidade
UI_20150317_001176	{@St41}Pontos de Atributo
UI_20150317_001177	{@St41}Nome da Classe
UI_20150317_001178	Nome do Personagem
UI_20150317_001179	{@Sti7}Excluir{/}
UI_20150317_001180	Nível do Personagem
UI_20150317_001181	{@St42}Quest Compartilhada{/}
UI_20150317_001182	{@St42}EXP Compartilhada{/}
UI_20150317_001183	Anotação do Personagem
UI_20150317_001184	{memo X}Média de Nível do Grupo: {#FFFF00}%s{/}
UI_20150317_001185	{memo X}Procurando: {#FFFF00}%s{/}
UI_20150317_001186	{memo X}Clérigo/Arqueiro
UI_20150317_001187	{memo X}Quest Compartilhada: {#FFFF00}%s{/}
UI_20150317_001188	{memo X}N/D
UI_20150317_001189	{memo X}Prioridade de EXP: {#FFFF00}%s{/}
UI_20150317_001190	{memo X}Equivalente
UI_20150317_001191	{memo X}Prioridade de Item: {#FFFF00}%s{/}
UI_20150317_001192	{memo X}Aleatório
UI_20150317_001193	Como eu
UI_20150317_001194	Você não vê quem é
UI_20150317_001195	{@st41b}Diário de Aventura Atualizado
UI_20150317_001196	Objetos de Menu para Quest
UI_20150317_001197	Categorias de Quest
UI_20150317_001198	Lista de Objetos de Quest
UI_20150317_001199	N/D
UI_20150317_001200	Linha usada no mapa de estradas
UI_20150317_001201	Objeto de Espaço_Padrão
UI_20150317_001202	Objeto de Espaço_Espaço de Dinheiro
UI_20150317_001203	Tipo de Detalhes do Personagem 1
UI_20150317_001204	Tipo de Detalhes do Personagem 2
UI_20150317_001205	Tipo de Lista do Inventário 1
UI_20150317_001206	Tipo de Lista do Inventário 2
UI_20150317_001207	Tipo de Espaço do Inventário
UI_20150317_001208	Exibir detalhes do item no Mercado
UI_20150317_001209	Saída de nome do item
UI_20150317_001210	Saída de quantidade restante
UI_20150317_001211	Saída de valor
UI_20150317_001212	Ao adicionar no carrinho
UI_20150317_001213	Saída de valor total
UI_20150317_001214	Para saída de item
UI_20150317_001215	Saída de preço unitário
UI_20150317_001216	Categoria de item
UI_20150317_001217	Novidades
UI_20150317_001218	{@St42b}Reiniciar{/}
UI_20150317_001219	Peltang Stang
UI_20150317_001220	Círculo 99
UI_20150317_001221	Derrotar 8 Vubbes Irados
UI_20150317_001222	Dica de ferramenta
UI_20150317_001223	EXP: sad{br}+1 Cristal de Encantamento (Ataque)
UI_20150317_001224	Espada de Aprendiz
UI_20150317_001225	Durabilidade de Conserto:
UI_20150317_001226	Custo de Conserto: 120 de prata
UI_20150317_001227	Custo de Conserto: %s de prata
UI_20150317_001228	{@st42b}Quantidade de Lances {@sti7}%s{/}
UI_20150317_001229	{@st42b}Preço Atual {img icon_item_silver 20 20}{@st57}%s{/}
UI_20150317_001230	{@St41}Compra agora! {Img icon_item_silver 20 20}{@st57}%s{/}
UI_20150317_001231	{@St41b}Receber itens{/}
UI_20150317_001232	{@st42b} Preço do Lance {img icon_item_silver 20 20}{@st57}%s{/}
UI_20150317_001233	{@Sti7}Voltar
UI_20150317_001234	{@St59}Cabeça{/}
UI_20150317_001235	{@St59}Bracelete Esquerdo{/}
UI_20150317_001236	{@St59}Bracelete Direito{/}
UI_20150317_001237	{@St59}Trajes{/}
UI_20150317_001238	{@st59}Anel 2{/}
UI_20150317_001239	Nome do Mascote
UI_20150317_001240	Pacote de comerciante
UI_20150317_001241	Floresta ocidental etc...
UI_20150317_001242	{memo X}Consome iCoins
UI_20150317_001243	Nome da Categoria
UI_20150317_001244	Isso é Ajuda
UI_20150317_001245	{@Sti7}%s Pontos{/}
UI_20150317_001246	{@st41b}%sPontuação
UI_20150317_001247	Concluir Quest 25
UI_20150317_001248	[Sub]Floresta Espinhosa
UI_20150317_001249	{@St42}Item em Uso
UI_20150317_001250	{@St44}Informação de Classificação da Classe %s{/}
UI_20150317_001251	Alerta de Progresso
UI_20150317_001252	Coração de Curtir
UI_20150317_001253	N/D
UI_20150317_001254	Nível %s
UI_20150317_001255	{memo X}Anotação: {#666666}%s
UI_20150317_001256	Ayase
UI_20150317_001257	Relacionamento com %s
UI_20150317_001258	{#FFFF33}%s{/} deseja fazer amizade{/}
UI_20150317_001259	{@St41b}Aceitar
UI_20150317_001260	{memo X}{@St41b}Recusar
UI_20150317_001261	{@St53b}Carregando sua lista de amigos.
UI_20150317_001262	Nível %s{/}
UI_20150317_001263	{@st41}Cancelar
UI_20150317_001264	Adicione o bônus para venda.
UI_20150317_001265	Preço: %s{/}
UI_20150317_001266	Quantidade Restante
UI_20150317_001267	{@St41}Comprar
UI_20150317_001268	Quantidade Restante: %s {/}
UI_20150317_001269	{@St41}Item{/}
UI_20150317_001270	{@St41b} Anotação
UI_20150317_001271	{@St41b}Confeccionar
UI_20150317_001272	{memo X}{@St41b}Preço: %s{/}
UI_20150317_001273	{@Sti5}Preço: %s{/}
UI_20150317_001274	{@Sti9} Quest de Grupo (%s){/}
UI_20150317_001275	{@st41_yellow} Taxa de Exploração %s% {/}
UI_20150317_001276	{@st41_yellow} Pontuação %s {/}
UI_20150317_001277	{@st42b}{b}Taxa de Conquista{/}
UI_20150317_001278	{@st59}Participar da Quest de Grupo{/}
UI_20150317_001279	Janelas
UI_20150317_001280	Condição
UI_20150317_001281	Guia
UI_20150317_001282	Imagem do Item
UI_20150317_001283	Efeito
UI_20150317_001284	Controle
UI_20150317_001285	{@St41}Dificuldade: %s
UI_20150317_001286	{@St42}Tempo Restante: %s
UI_20150317_001287	{@St53}Confecção de Item
UI_20150323_001288	{@st59}Coloque o item aqui{/}
UI_20150323_001289	{@st42}Cancelar
UI_20150323_001290	{@st42}Confirmar
UI_20150323_001291	{@st43}Briquetagem{/}
UI_20150323_001292	Potencial Atual
UI_20150323_001293	Material Consumível
UI_20150323_001294	Quantidade Consumida
UI_20150323_001295	Quantidade Disponível
UI_20150323_001296	{memo X}{@sti6}Registro da Negociação
UI_20150323_001297	{memo X}{@st43}Acampamento
UI_20150323_001298	Título de Placa
UI_20150323_001299	{memo X}{@st43}Construir
UI_20150323_001300	{memo X}{@stc1}Duração do Acampamento
UI_20150323_001301	{@stc1}Efeito
UI_20150323_001302	{@stc1}Materiais e Preço
UI_20150323_001303	{memo X}{@st41b}Acampamento
UI_20150323_001304	{memo X}{@st41b}Registro
UI_20150323_001305	{@st41b}Renovar
UI_20150323_001306	{@st59}Renova o tempo de duração.{/}
UI_20150323_001307	{memo X}{@st41b}Duração do Acampamento
UI_20150323_001308	{@st41b}Efeito
UI_20150323_001309	{memo X}{@st42b}Quando renovado, o acampamento permanece por mais 24 horas. Consome %s de prata.
UI_20150323_001310	{memo X}{@st41b}Depósito Pessoal
UI_20150323_001311	{memo X}{@stc1}Guardar e pegar itens no depósito custa %s de prata.{/}
UI_20150323_001312	{memo X}{@st41}{#ffff00}Travar Alvo{/}
UI_20150323_001313	{@st43}Mesa de Refeição
UI_20150323_001314	{memo X}{@st41b}Tipo de comida
UI_20150323_001315	{memo X}{@st41b}Mesa
UI_20150323_001316	{@st59}Fechar{/}
UI_20150323_001317	{@st43}Grimoire{/}
UI_20150323_001318	{@st59}Fechar IU do Grimoire{/}
UI_20150323_001319	{memo X}Minha Habilidade de Invocação
UI_20150323_001320	Cartão Principal
UI_20150323_001321	Cartão Secundário
UI_20150323_001322	{memo X}Atributo
UI_20150323_001323	{memo X}CON
UI_20150323_001324	{memo X}INT
UI_20150323_001325	{memo X}DES
UI_20150323_001326	{memo X}CRT
UI_20150323_001327	{memo X}{@st43}Configurar Loja{/}
UI_20150323_001328	{@st41b}Configurações
UI_20150323_001329	Preço Unitário
UI_20150323_001330	{@st41b}Lista de Materiais
UI_20150323_001331	{memo X}{@st43}Lapidação de Joia{/}
UI_20150323_001332	{@st59}Fechar IU{/}
UI_20150323_001333	{@st41b}Consertar{/}
UI_20150323_001334	{memo X}{@st41b}Registro{/}
UI_20150323_001335	{memo X}Preço a receber
UI_20150323_001336	${@st59}Colocar joia{/}
UI_20150323_001337	Material Consumível
UI_20150323_001338	Quantidade Restante
UI_20150323_001339	{@st42}Fechar
UI_20150323_001340	${@st43}Manutenção de Armas{/}
UI_20150323_001341	${@st43}Manutenção de Equipamento{/}
UI_20150323_001342	{memo X}{@st41b}Preço a receber
UI_20150323_001343	{@st41b}Materiais
UI_20150323_001344	{@st43}Consertar{/}
UI_20150323_001345	{@st41b}Consertar{/}
UI_20150323_001346	Nível de Habilidade
UI_20150323_001347	{@st41}No de jogadores para entrar
UI_20150323_001348	{@st43}Masmorra de atualização de item
UI_20150323_001349	{@st41}Materiais Necessários
UI_20150323_001350	{@st59}Materiais Necessários{/}
UI_20150323_001351	Nível Recomendado: %s
UI_20150323_001352	{memo X}{@st43}Modo de Seleção de IU{/}
UI_20150323_001353	{@st43}Loja de Compra
UI_20150323_001354	Nome da Loja
UI_20150323_001355	{@st41b}Abrir Loja
UI_20150323_001356	{@st59}Iniciar Loja de Compra{/}
UI_20150323_001357	{@st59}Cancelar{/}
UI_20150323_001358	{@st59}Fechar Loja de Compra{/}
UI_20150323_001359	Solicitar Compra
UI_20150323_001360	{memo X}{@st59}Fechar Loja de Compra
UI_20150323_001361	{memo X}{@st59}Loja de Compra{nl} - Negocie seus itens por prata
UI_20150323_001362	{memo X}{@st43}Itens que o comprador deseja{/}
UI_20150323_001363	{memo X}{@st43}Itens para vender
UI_20150323_001364	{memo X}{@st43}Lucro Total 
UI_20150323_001365	{memo X}{@st41}Vender
UI_20150323_001366	{@st41}Materiais de Alquimia
UI_20150323_001367	{@st41}Resultado de Alquimia {@stx1}(requer %s){/}
UI_20150323_001368	{@st59}Invocar Mascote{/}
UI_20150323_001369	{@st41b}Personagem{/}
UI_20150323_001370	{@st59}Grimoire{/}
UI_20150323_001371	{memo X}{@st41b}Aplicar Florescência{/}
UI_20150323_001372	{memo X}{@st41b}Aplicar Vinheta{/}
UI_20150323_001373	{memo X}{@st41b}Aplicar FXAA{/}
UI_20150323_001374	{memo X}{@st41b}Aplicar Brilho{/}
UI_20150323_001375	{memo X}{@st41b}Aplicar Intensidade {/}
UI_20150323_001376	{memo X}{@st41b}Aplicar Suavidade{/}
UI_20150323_001377	{@st43}Depósito Pessoal{/}
UI_20150323_001378	{memo X}{@st59}Fechar Depósito Pessoal{/}
UI_20150323_001379	{memo X}{@sti6}Guardar e pegar itens no depósito custa %s de prata...{/}
UI_20150323_001380	{memo X}{@st59}Alt+Z para mudar de arma{/}
UI_20150323_001381	{@st59}Salvar Configurações do Alojamento{/}
UI_20150323_001382	Mudar Alojamento
UI_20150323_001383	{@st59}Fechar Mudar Alojamento
UI_20150323_001384	{memo X}{@st59}Mudar Alojamento{nl} - Mude o mapa e amplie a quantidade de personagens disponíveis mudando o seu Alojamento. 
UI_20150323_001385	{memo X}{@st41}Cancelar Visualização
UI_20150323_001386	{memo X}{@st46}Minhas iCoins: %s{/}
UI_20150323_001387	{memo X}{@st41b}Mudar Alojamento{/}
UI_20150323_001388	{@st59}Decorar Alojamento{/}
UI_20150323_001389	{memo X}{@st41b}Configurações de Alojamento{/}
UI_20150323_001390	{@st59}Mudar Configurações de Alojamento{/}
UI_20150323_001391	{memo X}{@st45ty}Saudação de Personagem{/}
UI_20150323_001392	{memo X}{@st45ty}Loja de Compra
UI_20150323_001393	{@st41b}Mudar
UI_20150323_001394	{@st59}Mudar Saudação de Personagem{/}
UI_20150323_001395	{@st59}Ajustar Loja de Compra{/}
UI_20150323_001396	Quantidade de Compra: %s{/}
UI_20150323_001397	Procurar itens para comprar
UI_20150323_001398	Quantidade
UI_20150323_001399	Preço Unitário
UI_20150323_001400	{memo X}{@sti5}×%s{/}
UI_20150323_001401	{@st41}Comer
UI_20150323_001402	{@st41}Confeccionar
UI_20150323_001403	{memo X}{@st41}Quantidade
UI_20150323_001404	{memo X}{@st41}Material Consumível
UI_20150401_001405	{@st59}Fechar Briquetagem{/}
UI_20150401_001406	{memo X}{@st41}Remover Acampamento
UI_20150401_001407	{@st43}[Círculo %s]{/}
UI_20150401_001408	{@st43}Habilidade{/}
UI_20150401_001409	{@st43}Dica de Classe{/}
UI_20150401_001410	Dica de Classe
UI_20150401_001411	{memo X}{@st42}{#ffff00}Travar Alvo {/}
UI_20150401_001412	{memo X}{@st41}Remover Mesa
UI_20150401_001413	{@st43}Extração{/}
UI_20150401_001414	Quickslot do Controle
UI_20150401_001415	{memo X}{@st42}{#ffff00}Modo Teclado{/}
UI_20150401_001416	{@st43}Abrir Caixa de Oferenda
UI_20150401_001417	{@st41b}Abrir
UI_20150401_001418	{@st41b}Caixa de Oferenda
UI_20150401_001419	{@st41}Nome da Caixa de Oferenda
UI_20150401_001420	Pagamento
UI_20150401_001421	Estimativa de Lucro
UI_20150401_001422	Capital
UI_20150401_001423	{memo X}{@st45tw}Detalhes de Item da Caixa de Oferenda
UI_20150401_001424	{@st41}Vender Tudo
UI_20150401_001425	{@st43}Caixa de Oferenda
UI_20150401_001426	Oferecer
UI_20150401_001427	Fechar Negociação
UI_20150401_001428	Estimativa de Saldo
UI_20150401_001429	{@st45tw}Caixa de Oferenda
UI_20150401_001430	{memo X}{@st41}Sem Conteúdo
UI_20150401_001431	{@st43}Lista do usuário da zona atual{/}
UI_20150401_001432	{@st59}Fechar lista de IU de GM{/}
UI_20150401_001433	{memo X}{@st41}Descrição do Grupo:
UI_20150401_001434	{s20}Quantidade de Veneno: {s28}{b}{#ff6600}%s
UI_20150401_001435	Materiais para Veneno
UI_20150401_001436	{@st41b}Selecionar Tudo{/}
UI_20150401_001437	{@st59}Clique novamente para desmarcar tudo{/}
UI_20150401_001438	{@st41b}Confeccionar{/}
UI_20150401_001439	{memo X}{@st59}Misturar, misturar, remexer e misturar{/}
UI_20150401_001440	{@st41b}Conquistas{/}
UI_20150401_001441	Cor de Penteado
UI_20150401_001442	Títulos Disponíveis
UI_20150401_001443	{memo X}{@st41b}Modo de IU do Controle{/}
UI_20150401_001444	{memo X}{@st41}{#ffffcc}Nome
UI_20150401_001445	{memo X}{@st41}{#ffffcc}Preço
UI_20150401_001446	{memo X}{@st41}{#ffffcc}Condição
UI_20150401_001447	{memo X}{@st41b}Cancelar Visualização
UI_20150401_001448	{memo X}{@st41}{#ffff00}Minhas iCoins: %s{/}
UI_20150401_001449	Em Uso
UI_20150401_001450	{memo X}Descrição: {#FFFF00}%s{/}
UI_20150401_001451	{memo X}Nível Médio: {#FFFF00}%s{/}
UI_20150401_001452	{memo X}Condições
UI_20150401_001453	Título %s
UI_20150401_001454	Recompensa %s
UI_20150401_001455	{memo X}{@st42}Quantidade
UI_20150406_001456	{@st43}Acampamento
UI_20150406_001457	{@st42}Construção
UI_20150406_001458	{@st42}Cancelar
UI_20150406_001459	{memo X}{@stc1}Duração do Acampamento
UI_20150406_001460	{@st41b}Acampamento
UI_20150406_001461	{memo X}{@st41b}Duração do Acampamento
UI_20150406_001462	{memo X}{@st42b}Quando renovado, o acampamento permanece por mais 24 horas. {nl}Consome %s de prata.
UI_20150406_001463	{memo X}{@st41}Remover Acampamento
UI_20150406_001464	{memo X}{@st42}Remover Mesa
UI_20150406_001465	{@st59b}Grimoire{nl}{@st59s} - Coloque um cartão no deck para iniciar a invocação{/}
UI_20150406_001466	{memo X}{@st41}Minha Habilidade de Invocação
UI_20150406_001467	{memo X}{@st41}Atributo
UI_20150406_001468	{@st41b}Nome da Caixa de Oferenda
UI_20150406_001469	{@st41b}Detalhes da Caixa de Oferenda
UI_20150406_001470	{@st59}Fechar Loja de Compra
UI_20150406_001471	{@st59b}Loja de Compra{nl}{@st59s} - Negocie seus itens por prata
UI_20150406_001472	{@st41b}Item Necessário do Outro Jogador{/}
UI_20150406_001473	{@st41b}Itens Disponíveis{/}
UI_20150406_001474	{@st41b}Total de Vendas
UI_20150406_001475	{@st41b}Vender
UI_20150406_001476	{@st59}Venda o(s) item(ns) que adquiriu.{/}
UI_20150406_001477	{@st59}Fechar Depósito Pessoal{/}
UI_20150406_001478	{memo X}{@st41b} %s Guardar e pegar itens do Depósito consome prata.{/}
UI_20150406_001479	{@st41b}Quantidade
UI_20150414_001480	{memo X}{@st42b}A duração do acampamento pode ser aumentada.{nl} Custo: %s de prata.
UI_20150414_001481	{memo X}{@st41b}Tipo {@sti7}%s{/}
UI_20150414_001482	{memo X}{@st41b}Dificuldade de Controle {@sti7}%s{/}
UI_20150414_001483	{@st59b} Item {/}
UI_20150414_001484	{@st59b} Monstro {/}
UI_20150414_001485	{@st59b} Mover mapa {/}
UI_20150414_001486	{@st59b} Comando de Combate {/}
UI_20150414_001487	{s26}{b}
UI_20150414_001488	{s26}{b}Nível
UI_20150414_001489	{@st44}{s26}Nível
UI_20150414_001490	{@st59b}{s26}ea
UI_20150414_001491	{@st41b}Cozinhar
UI_20150414_001492	{@st41b}Comida
UI_20150414_001493	{memo X}{@st42}Remover Mesa de Refeição
UI_20150414_001494	{@st41b}Registros{/}
UI_20150414_001495	{memo X}{@st41}Descrição do Grupo
UI_20150414_001496	{memo X}{@st41b}Entrar{/}
UI_20150414_001497	Nível de Lapidação %s
UI_20150428_001498	{@st43}Loja de Compra{/}
UI_20150428_001499	{@st41b}Fechar
UI_20150428_001500	{@st41b}Informação de Falha
UI_20150428_001501	{@st59}Avise-nos sobre falhas e problemas{/}
UI_20150428_001502	Ao informar uma falha, o andamento do seu jogo até esse momento será enviado ao nosso servidor.{nl}O arquivo de repetição será bastante útil na solução da falha. Você deseja enviar?
UI_20150428_001503	{@st41b}Descrição da falha:{/}
UI_20150428_001504	{@st41b}Você não é obrigado a enviar uma descrição, mas isso vai nos ajudar bastante na análise da falha.
UI_20150428_001505	{@st41b}Enviar
UI_20150428_001506	{@st42}{s14}{#ffff00}Travar-Alvo{/}
UI_20150428_001507	{@st59}Trave seu alvo independente da distância ou direção
UI_20150428_001508	Grupo encontrado!
UI_20150428_001509	Quickslot de Descanso do Controle
UI_20150428_001510	{@st41b}Modo Descanso
UI_20150428_001511	Tutorial do Controle
UI_20150428_001512	{memo X}{@st59}Fechar Tutorial do Controle (M){/}
UI_20150428_001513	Tutorial do Teclado
UI_20150428_001514	{@st44}Logout{/}
UI_20150428_001515	{memo X}{@st41b}Deixar Auxiliar (Requer %s iCoin){/}
UI_20150428_001516	{memo X}Custo de soquete adicional: {#ff9933}%s{/}{nl}Custo de remoção de joia: {#ff9933}%s{/}
UI_20150428_001517	{memo X}{@st41b}Remover Joia
UI_20150428_001518	{@st42}{s14}{#ffff00}Modo IU{/}
UI_20150428_001519	{@st59}Usar teclado ou controle para controlar a IU
UI_20150428_001520	{memo X}Usar Procurar Grupo 
UI_20150428_001521	{memo X}Quando um personagem compatível com os critérios do seu grupo for encontrado {nl}será exibida a mensagem [Compatível com Grupo!].
UI_20150428_001522	{memo X}{@st41}Estilo de Jogo{/}
UI_20150428_001523	Quest
UI_20150428_001524	Caça
UI_20150428_001525	Eventos
UI_20150428_001526	{memo X}{@st41}Diferença de Nível{/}
UI_20150428_001527	{memo X}Sem associação
UI_20150428_001528	{memo X}{@st41}Tipo de Classe Desejada{/}
UI_20150428_001529	{@st41b}Deixar Grupo
UI_20150428_001530	{memo X}{@st59}Procurar pela descrição do grupo{/}
UI_20150428_001531	{s18}{ol}{gr gradation1}Regras do Auxiliar{/}
UI_20150428_001532	{@st59}Continuar confecção{/}
UI_20150428_001533	{memo X}{@st45ty}Cor de Penteado
UI_20150428_001534	{memo X}{@st45ty}Título Disponível
UI_20150428_001535	{@st41_yellow}Habilidade do Ajudante
UI_20150428_001536	{memo X}{@st41b}Mostrar outros nomes de personagem{/}
UI_20150428_001537	{@st43}Modo IU{/}
UI_20150428_001538	{memo X}{@st41b}Automático{/}
UI_20150428_001539	{memo X}{@st41b}Controle{/}
UI_20150428_001540	{memo X}{@st41b}Teclado{/}
UI_20150428_001541	{memo X}Controle
UI_20150428_001542	{@st59}Info. do Controle{/}
UI_20150428_001543	{memo X}Teclado
UI_20150428_001544	{@st59}Info. do Teclado{/}
UI_20150428_001545	{@st43}Configurações de Vídeo{/}
UI_20150428_001546	{@st43}Desempenho{/}
UI_20150428_001547	{memo X}{@st41b}Modo Especificações Mínimas{/}
UI_20150428_001548	{memo X}{@st41b}Ajuste Automático{/}
UI_20150428_001549	{memo X}{@st41b}Não usar{/}
UI_20150428_001550	Perguntas Frequentes do Jogo
UI_20150428_001551	Jogadores: (%s/%s)
UI_20150428_001552	No mínimo Nv 100: (%s/%s)
UI_20150511_001553	{memo X}{@st41}Link de Convite de Grupo
UI_20150714_001554	{@st66b}Itens Vendidos: ×%s/Itens Não Vendidos: ×%s{/}
UI_20150714_001555	{@st41b}Registro da Negociação
UI_20150714_001556	{@st41b}Remover Acampamento
UI_20150714_001557	Batalhas de Cartões
UI_20150714_001558	{@st64}%s Vitória(s) {/}
UI_20150714_001559	Selecionar Cartão
UI_20150714_001560	Índice de Aventura:{#ffff00} %s{/} ({#ffff00}classificação #%s{/})
UI_20150714_001561	{@st66b}Curtir!
UI_20150714_001562	{memo X}Eu curto esse jogador {#ffff00}%s{/}
UI_20150714_001563	{@st41b}Remover Mesa de Refeição
UI_20150714_001564	{memo X}{@st42}Minha Habilidade de Invocação
UI_20150714_001565	{@st42}Atributo
UI_20150714_001566	{memo X}{@st42}Local Atual: %s{/}
UI_20150714_001567	{@st59b}Equipamento {nl}{@st59s} - Penteado/Traje: Equipamento para mudar a aparência dos personagens. {nl} - Arma: Armas de uma ou duas mãos {nl} (pode usar sub-arma/escudo com arma de uma mão) {nl} - Armadura: Parte de Cima, Calças, Luvas, Calçados. {nl} - Acessórios: 1 Colar e 2 Braceletes. {nl} {/}
UI_20150714_001568	{@st43}Abrir %s Loja {/}
UI_20150714_001569	{@st41b}Lapidação{/}
UI_20150714_001570	{@st66}Selecionar Tudo
UI_20150714_001571	{@st43}Confeccionar Flecha{/}
UI_20150714_001572	{@st59}Fechar IU{/}
UI_20150714_001573	{@st66b}Selecionar{/}
UI_20150714_001574	{@st66b}Deixar Auxiliar (Requer %s iCoin){/}
UI_20150714_001575	Custo de soquete adicional: {#000000}%s{/} {nl}Custo de extração de joia: {#000000}%s{/}
UI_20150714_001576	{ds}Nível Recomendado: %s
UI_20150714_001577	Explorado: 50%
UI_20150714_001578	{@st45tw}[%s% explorado]{/}
UI_20150714_001579	>>Mostra Mais Info...
UI_20150714_001580	%s (Classificação %s)
UI_20150714_001581	Nome de Serviço
UI_20150714_001582	{@st41b}Convidar
UI_20150714_001583	{@st41}Se deseja usar um controle ou o mouse para controlar o personagem, você pode mudar as configurações no menu sistema.{nl}
UI_20150714_001584	{memo X}Quando um personagem compatível com os critérios do seu grupo for encontrado, {nl}será exibida a mensagem [Compatível com Grupo!].{nl}Você também será recomendado para outros grupos.
UI_20150714_001585	{memo X}{@st42}Estilo de Jogo{/}
UI_20150714_001586	{@st42}Diferença de Nível{/}
UI_20150714_001587	Qualquer
UI_20150714_001588	{memo X}{@st42}Tipo de Classe{/}
UI_20150714_001589	{memo X}{@st42}Nome do Grupo: %s{/}
UI_20150714_001590	{memo X}{@st42}Descrição{/}
UI_20150714_001591	{memo X}{@st42}Entrar{/}
UI_20150714_001592	{@st42}Prioridade de Item
UI_20150714_001593	{@st42}Prioridade de EXP
UI_20150714_001594	EXP Individual 
UI_20150714_001595	EXP Equivalente
UI_20150714_001596	Por Nível
UI_20150714_001597	{@st42}Quest Compartilhada
UI_20150714_001598	Desativada
UI_20150714_001599	{@st42}Grupo Público{/}
UI_20150714_001600	{memo X}Nível
UI_20150714_001601	{@st42}Usar 'Grupo Recomendado'{/}
UI_20150714_001602	Por Distância
UI_20150714_001603	Por Classe
UI_20150714_001604	Por Nível
UI_20150714_001605	Por Quest
UI_20150714_001606	Por Proximidade
UI_20150714_001607	{memo X}{@st42}Link de Convite de Grupo Compartilhado
UI_20150714_001608	>>Visualização do Grupo...
UI_20150714_001609	Nome do Grupo: %s
UI_20150714_001610	Descrição do Grupo: %s
UI_20150714_001611	Tempo de Organização: %s atrás
UI_20150714_001612	Integrantes do Grupo: %s/5
UI_20150714_001613	Participar
UI_20150714_001614	{@st59}Procurar por Nome ou Descrição do Grupo{/}
UI_20150714_001615	Detalhes de Ajuda Simples
UI_20150714_001616	{@st43}Caixa de Mensagem
UI_20150714_001617	{@st41b}Tudo
UI_20150714_001618	{@st41b}Mensagens Não Lidas
UI_20150714_001619	{memo X}{@st43}{s22}Escolha um personagem para receber os itens.{/}
UI_20150714_001620	{@st41b}Melhorar
UI_20150714_001621	{@st66}Itens precisando de conserto
UI_20150714_001622	{@st43}Simoni
UI_20150714_001623	{@st59}Aumentar habilidades{/}
UI_20150714_001624	{@st59}Fechar Habilidades e Atributos{/}
UI_20150714_001625	{@st43}Habilidades e Atributos{/}
UI_20150714_001626	Pontos de Condição Restantes {nl}{@st46}%s
UI_20150714_001627	Curtidas Recebidas: %s
UI_20150714_001628	{memo X}{@st66b}Mostrar EXP adquirida{/}
UI_20150714_001629	{@st66b}Mostrar Nome do Personagem{/}
UI_20150714_001630	{@st66b}Mostrar Apenas Nome da Equipe {/}
UI_20150714_001631	{@st66b}Mostrar Nomes de Outros Jogadores{/}
UI_20150714_001632	{@st66b}Automático{/}
UI_20150714_001633	{@st66b}Controle{/}
UI_20150714_001634	{@st66b}Teclado{/}
UI_20150714_001635	{@st66b}Mouse
UI_20150714_001636	{@st66b}Tela Cheia{/}
UI_20150714_001637	{@st66b}Modo Janela{/}
UI_20150714_001638	{@st66b}Volume dos Efeitos Sonoros (%s){/}
UI_20150714_001639	{@st66b}Volume da Música (%s){/}
UI_20150714_001640	{@st66b}Volume (%s){/}
UI_20150714_001641	{@st66b}Modo Mínimo{/}
UI_20150714_001642	{@st66b}Ajuste Automático{/}
UI_20150714_001643	{@st66b}Não usar{/}
UI_20150714_001644	{@st66b}Aplicar Florescência{/}
UI_20150714_001645	{@st66b}Aplicar Vinheta{/}
UI_20150714_001646	{@st66b}Aplicar FXAA{/}
UI_20150714_001647	{@st66b}Aplicar Brilho{/}
UI_20150714_001648	{@st66b}Aplicar Intensidade{/}
UI_20150714_001649	{@st66b}Aplicar Suavidade{/}
UI_20150714_001650	{@st66b}Aplicar {/}
UI_20150714_001651	{@st66b}Ativar Sinc. Vertical{/}
UI_20150714_001652	{@st66b}Desativar Sinc. Vertical{/}
UI_20150714_001653	{@st66b} %s Guardar e pegar itens do Depósito consome prata.{/}
UI_20150714_001654	%s me curte
UI_20150714_001655	{@st41}Espectador
UI_20150714_001656	{@st66b}Sair do Modo Espectador
UI_20150714_001657	{memo X}Encontrou um jogo. Você quer participar?
UI_20150714_001658	{memo X}{@st41}Participar
UI_20150714_001659	{@st41}Recusar
UI_20150714_001660	Fim de Jogo
UI_20150714_001661	Mortes
UI_20150714_001662	Dano
UI_20150714_001663	{@st41}Voltar à Zona
UI_20150714_001664	{@st41b}Voltar à zona em apenas %s segundos...{/}
UI_20150714_001665	{@st59}Abre a caixa de mensagem{/}
UI_20150714_001666	{@st42}Mudar Alojamento{/}
UI_20150714_001667	{@st42}Configurações de Alojamento{/}
UI_20150714_001668	{@st65}%s Pontuação{/}
UI_20150714_001669	{@st65}×%s{/}
UI_20150714_001670	{@st65}%sPontuação{/}
UI_20150714_001671	{@st65}×%s{/}
UI_20150714_001672	Descrição da Imagem
UI_20150714_001673	{#000000}%s segundos
UI_20150714_001674	{#000000}%s em uso
UI_20150714_001675	Nome do Grupo: {#2c140c}%s{/}
UI_20150714_001676	Descrição: {#2c140c}%s{/}
UI_20150714_001677	Média de Nível do Grupo: {#2c140c}%s{/}
UI_20150714_001678	Procurando: {#2c140c}%s{/}
UI_20150714_001679	Quest Compartilhada: {#2c140c}%s{/}
UI_20150714_001680	Prioridade de EXP: {#2c140c}%s{/}
UI_20150714_001681	Prioridade de Item: {#2c140c}%s{/}
UI_20150714_001682	Você se divertiu com esse grupo?
UI_20150714_001683	{@st42} obteve %s por %s
UI_20150714_001684	{@st42} melhorou %s por %s
UI_20150714_001685	Anotação: %s
UI_20150714_001686	{@st59}Adicionar o material a esses espaços de item.{/}
UI_20150714_001687	{@st66b}Preço: %s{/}
UI_20150714_001688	Saudação de Personagem
UI_20150714_001689	Loja de Compra
UI_20150714_001690	×%s
UI_20150714_001691	{@41b}Critério
UI_20150714_001692	{memo X}{@st41}Excluir
UI_20150714_001693	{@st41}Atualizar
UI_20150717_001694	{memo X}{#ffff00}%s{/} jogadores curtem esse jogador
UI_20150717_001695	{@st41b}{s56}Esse jogo é {#0066FF}
UI_20150717_001696	Classificação T.
UI_20150717_001697	{s40} {nl}Jogar por longos períodos de tempo pode prejudicar a sua saúde.{/}
UI_20150717_001698	{@st66b}Entrar
UI_20150717_001699	{@st42}Info. de Minha Invocação
UI_20150717_001700	Você se move mais devagar quando não tem bastante{@st59}VIG{/}
UI_20150717_001701	{@st59}Organiza o seu Inventário{/}
UI_20150717_001702	{memo X}Ordenar
UI_20150717_001703	{@st59}Fechar info. de Controle do Controle.{/}
UI_20150717_001704	{@st59}Fechar info. de Controle do Teclado.{/}
UI_20150717_001705	Tutorial do Mouse
UI_20150717_001706	{@st59}Fechar info. de Controle do Mouse.{/}
UI_20150717_001707	Ataque: %s
UI_20150717_001708	Defesa: %s
UI_20150717_001709	FOR: %s
UI_20150717_001710	CON: %s
UI_20150717_001711	INT: %s
UI_20150717_001712	DES: %s
UI_20150717_001713	ESP: %s
UI_20150717_001714	{memo X}{@st42b}O espadachim pode dar um pique ao pressionar duas vezes uma tecla direcional.{/}
UI_20150717_001715	{@st42}Nome e Descrição do Grupo{/}
UI_20150717_001716	{@st42}Inserir Tag de Convite de Grupo
UI_20150717_001717	{@st41b}Lista de Grupo Público{/}
UI_20150717_001718	{memo X}{@st41b}Lista de Personagem Recomendada{/}
UI_20150717_001719	{@st41b}Receber Recomendação
UI_20150717_001720	Apenas pode ser usado pelos líderes de grupo.
UI_20150717_001721	Você deve usar a função Recomendação de Integrante de Grupo.
UI_20150717_001722	{@st66b}Nome da Classe da Quest{/}
UI_20150717_001723	{@st59b}Loja{nl}{@st59s} - Use Shift + Clicar com o botão direito e digite uma quantidade para comprar/vender vários itens{nl} - Clique duas vezes com o botão direito para vender todos os itens{/}
UI_20150717_001724	{@st59}Info. do Mouse{/}
UI_20150717_001725	{@st66b}Ordenar
UI_20150717_001726	{@st59}Organiza seus itens.{/}
UI_20150717_001727	{@st59}Equipar armas desse espaço{nl}Pressione Alt+Z para trocar de arma{/}
UI_20150717_001728	Assistir outro personagem
UI_20150717_001729	{@st41}Campo de Batalha
UI_20150717_001730	Resultados
UI_20150717_001731	{@st41}Mover Imediatamente
UI_20150717_001732	${@st41b}            O Nome da Equipe representa todos os seus personagens.{nl}                 É um nome comum usado no jogo.{nl}                  Você pode mudar o Nome da Equipe depois.{/}
UI_20150729_001733	{@st42}Mostrar apenas atributos que podem ser aprendidos.{/}
UI_20150729_001734	Contagem da Fase
UI_20150729_001735	Chave
UI_20150729_001736	Peso
UI_20150729_001737	{@st43}Lapidação de Joia{/}
UI_20150729_001738	{@st59b}Confecção de Item{nl}{@st59s} - O item pode ser confeccionado com o uso de uma fórmula.{nl} - Coloque a fórmula e os materiais necessários no espaço para iniciar a confecção do item. {nl} - Você pode anexar um nome exclusivo e uma anotação ao item.{/}
UI_20150729_001739	{@st59}Fechar Infecção de Flecha{/}
UI_20150729_001740	{memo X}Fragmentos necessários: Mutante %s / Animal %s / Planta %s
UI_20150729_001741	${@st42b}         O espadachim pode dar um pique ao clicar duas vezes uma tecla direcional.{/}
UI_20150729_001742	{@st41}Configurações do Grupo
UI_20150729_001743	{@st41}Configurações de Recrutamento do Grupo
UI_20150729_001744	{@st42}Procurar Integrantes do Grupo{/}
UI_20150729_001745	Quando um jogador atender aos critérios que você definiu, será exibida a mensagem [Compatível com Grupo!] na tela.
UI_20150729_001746	{@st41b}Lista de Jogador Recomendado{/}
UI_20150729_001747	{@st41}Informações de Atributo
UI_20150729_001748	{@st59}Cancelar Melhoria{/}
UI_20150729_001749	{@st59b}Melhoria de Joia/Cartão{nl}{@st59s} - Selecione uma joia ou um cartão do Inventário para melhorar.{nl} - Todos os itens, exceto os de quest, podem ser usados como material para melhorar joias.{nl} (mais eficiente ao usar uma joia como material){nl} - Os cartões apenas podem ser melhorados com outros cartões.{/}
UI_20150729_001750	{memo X}{#000000}{s22}Fila do Servidor
UI_20150729_001751	{memo X}{#000000}{s22}O servidor está lotado no momento. Aguarde na fila para entrar.
UI_20150729_001752	{memo X}{#000000}{s22}Posição Atual: %s
UI_20150729_001753	{@st43}Liga de Combate de Equipe
UI_20150729_001754	{@st59}Fechar Liga de Combate de Equipe
UI_20150729_001755	{@st42}Calendário da Liga de Combate de Equipe
UI_20150729_001756	{@st43}Classificações da Liga de Combate de Equipe
UI_20150729_001757	{@st59}Fechar Classificações da Liga de Combate de Equipe
UI_20150729_001758	Nome da Equipe
UI_20150729_001759	{@st41b}Nome da Habilidade
UI_20150729_001760	{@st59}Aceitar Missão de Grupo{/}
UI_20150729_001761	{@st59}Excluir Bilhete{/}
UI_20150729_001762	Pontuação
UI_20150729_001763	Participar da Liga de Combate de Equipe
UI_20150730_001764	{memo X}{@st56}Minha Classificação
UI_20150730_001765	{memo X}{@st56}Classificação de Mortes
UI_20150730_001766	{memo X}{@st56}Classificação de Dano
UI_20150803_001767	Geral: /s chat {nl} Discussão: /y chat {nl} Grupo: /p chat{nl} Fofoca: /w Chat do Nome da Equipe
UI_20150803_001768	{@st66b}Vibração do Controle{/}
UI_20150803_001769	Foi encontrada uma compatibilidade. Aguarde até poder participar do jogo.
UI_20150804_001770	${memo had to be shortened to fit the UI}{@st43}{s18}Escolha o personagem para receber o(s) item(ns).{/}
UI_20150804_001771	$Limite de Soquetes: %s
UI_20150807_001772	{@st41b}Detalhes {img red_down_arrow 16 16}
UI_20150807_001773	{memo X}
UI_20150807_001774	{memo X}
UI_20150918_001775	Duração do Acampamento
UI_20150918_001776	Efeito
UI_20150918_001777	A duração do acampamento aumenta ao ser renovado{nl} Requer %s de prata.
UI_20150918_001778	Depósito Pessoal
UI_20150918_001779	{@st41b}Tipo: {@sti7}%s{/}
UI_20150918_001780	{@st41b}Dificuldade: {@sti7}%s{/}
UI_20150918_001781	{#ffff00}{ol}%s{/}{/} jogadores curtem esse jogador
UI_20150918_001782	{@st43}Masmorras de Instância
UI_20150918_001783	{@st41}Localização
UI_20150918_001784	{#000000}Nome da Masmorra{/}
UI_20150918_001785	{#000000}Nível de Entrada{/}
UI_20150918_001786	{#000000}Quantidade de Entrada{/}
UI_20150918_001787	{#000000}A quantidade de entradas será restaurada em %s.{/}
UI_20150918_001788	{img silver 20 20} Preço
UI_20150918_001789	Info. do Grupo Adjacente
UI_20150918_001790	Fragmentos Necessários: %s 
UI_20150918_001791	{@st66b}Sem Conteúdo
UI_20150918_001792	{@st42}Mostrar Grupos Adjacentes{/}
UI_20150918_001793	Amizade com {@sti9}%s{@st66b}: {@st66b}Nível{/} {@sti9}%s {@st66b}
UI_20150918_001794	Amizade
UI_20150918_001795	{@st41b}Material obtido para confecção de item!
UI_20150918_001796	{@st66b}{s20}Você se tornou {/}{s20}{#cc6600}{ol}Incapaz de Lutar {/}{@st66b}{s20}!{/}
UI_20150918_001797	{@st66b}Reiniciar no Ponto de Renascimento mais próximo{/}
UI_20150918_001798	{@st66b}Renascer aqui (requer %s iCoins) {/}
UI_20150918_001799	{@st66b}Voltar ao campo{/}
UI_20150918_001800	{@st66b}Abandonar a quest e tentar novamente{/}
UI_20150918_001801	{@st66b}Tentar novamente{/}
UI_20150918_001802	{@st66b}Itens Vendidos{/}
UI_20150918_001803	{@st53}Pontos de Classificação: %s
UI_20150918_001804	Total Não Negociado: %s
UI_20150918_001805	{@st42b}Selecionar Diálogo{/}
UI_20150918_001806	{@st66b}Dar comida para grupo externo{/}
UI_20150918_001807	{@st41b}Mudar Título de Placa
UI_20150918_001808	{@sti9}Minha Classificação
UI_20150918_001809	{@sti9}Classificação de Mortes
UI_20150918_001810	{@sti9}Classificação de Dano
UI_20151001_001811	{@st43}Principais Configurações{/}
UI_20151001_001812	{@st45tw2}Categoria
UI_20151001_001813	Ação
UI_20151001_001814	Restaurar padrões
UI_20151016_001815	{@st59}O item selecionado será bloqueado{/}
UI_20151016_001816	{@st59}Você pode mudar o tema do Alojamento e visualizá-lo.
UI_20151016_001817	%s Personagens{/}
UI_20151016_001818	{@st42b}Visualização
UI_20151016_001819	{@st42b}Voltar
UI_20151016_001820	{@st42b}Comprar
UI_20151016_001821	{@st42b}Aplicar
UI_20151016_001822	Nome e Descrição da Guilda
UI_20151016_001823	Nome da Equipe
UI_20151016_001824	Título
UI_20151016_001825	Aviso
UI_20151022_001826	{@st41}Fila do Servidor
UI_20151022_001827	{#000000}{s18}O servidor está lotado no momento. Aguarde na fila para entrar.
UI_20151022_001828	{#000000}{s18}Posição Atual: %s
UI_20151022_001829	{@st66b}Mostrar Efeitos de Outros Jogadores
UI_20151102_001830	iCoin
